buildYear,buyerGbn,cdealDay,cdealType,dealAmount,dealDay,dealMonth,dealYear,dealingGbn,estateAgentSggNm,houseType,jibun,plottageAr,sggCd,slerGbn,totalFloorAr,umdNm,lawd_cd,deal_ym,sggNm
2015,개인,,,"200,000",22,7,2024,직거래,,단독,4**,333,41111,개인,834.52,율전동,41111,202407,
1997,개인,,,"20,000",17,7,2024,중개거래,경기 화성시,다가구,3*,81,41111,개인,82.99,영화동,41111,202407,
1994,개인,,,"28,000",22,7,2024,중개거래,경기 수원시 장안구,단독,1**,165,41111,개인,199.55,영화동,41111,202407,
1977,개인,,,"59,500",22,7,2024,중개거래,경기 수원시 장안구,단독,4**,198,41111,개인,79.01,영화동,41111,202407,
1971,개인,,,"21,500",18,7,2024,중개거래,경기 수원시 장안구,단독,1**,112,41111,개인,50.58,영화동,41111,202407,
1985,개인,,,"40,400",3,7,2024,중개거래,경기 수원시장안구,단독,5**,136.9,41111,개인,167.55,파장동,41111,202407,
1989,개인,,,"44,700",12,7,2024,중개거래,경기 수원시 장안구,단독,4**,107.4,41111,개인,182.61,송죽동,41111,202407,
1978,개인,,,"42,000",2,7,2024,중개거래,경기 수원시 장안구,단독,2**,201,41111,개인,141.91,송죽동,41111,202407,
2016,개인,,,"45,000",19,8,2024,중개거래,경기 수원시 장안구,단독,4**,92,41111,개인,176.16,파장동,41111,202408,
1989,개인,,,"60,000",10,8,2024,중개거래,경기 수원시 장안구,단독,7**,175.2,41111,개인,414.12,조원동,41111,202408,
1989,개인,,,"88,000",30,8,2024,중개거래,경기 수원시 팔달구,단독,1**,323,41111,개인,324.43,송죽동,41111,202408,
2017,개인,,,"147,000",10,8,2024,중개거래,경기 수원시 장안구,다가구,3**,234.5,41111,개인,466.88,영화동,41111,202408,
1984,개인,,,"30,500",21,8,2024,중개거래,경기 수원시 장안구,단독,3*,167,41111,개인,92.35,영화동,41111,202408,
1992,개인,,,"35,000",8,8,2024,중개거래,경기 수원시 장안구,다가구,5*,100,41111,개인,161.24,연무동,41111,202408,
2018,개인,,,"50,000",6,8,2024,중개거래,경기 수원시 장안구,단독,1**,103,41111,개인,98.82,연무동,41111,202408,
2016,개인,,,"109,000",23,9,2024,중개거래,경기 수원시 장안구,다가구,1**,208,41111,개인,394.13,영화동,41111,202409,
2016,개인,24.11.13,O,"109,000",23,9,2024,중개거래,경기 수원시 장안구,다가구,1**,208,41111,개인,394.13,영화동,41111,202409,
1994,개인,,,"24,500",30,9,2024,중개거래,"경기 수원시 장안구, 경기 수원시 팔달구",단독,3*,71,41111,개인,115.55,영화동,41111,202409,
1994,개인,24.10.17,O,"24,500",30,9,2024,중개거래,경기 수원시 장안구,다가구,3*,71,41111,개인,115.55,영화동,41111,202409,
2003,개인,,,"60,000",28,9,2024,중개거래,경기 수원시 장안구,다가구,4**,151.5,41111,개인,327.75,영화동,41111,202409,
2013,개인,,,"36,000",21,9,2024,중개거래,"경기 수원시 장안구, 경기 수원시 팔달구",단독,4**,104,41111,개인,115.53,파장동,41111,202409,
1974,개인,,,"27,500",3,9,2024,중개거래,경기 수원시 장안구,단독,2**,136,41111,개인,57.42,영화동,41111,202409,
1993,개인,,,"33,000",2,9,2024,중개거래,경기 수원시 장안구,다가구,5*,96,41111,개인,153.96,연무동,41111,202409,
2003,개인,,,"95,000",6,9,2024,중개거래,경기 수원시 장안구,다가구,4**,165,41111,개인,383.52,율전동,41111,202409,
2016,개인,24.11.30,O,"56,750",16,10,2024,중개거래,경기 수원시 장안구,다가구,1**,131,41111,개인,213.32,영화동,41111,202410,
2018,개인,,,"155,000",17,10,2024,중개거래,"경기 수원시 권선구, 경기 화성시",다가구,7**,228.9,41111,개인,458.81,조원동,41111,202410,
1993,개인,,,"35,000",18,10,2024,중개거래,경기 수원시 장안구,단독,2**,145.7,41111,개인,158.66,연무동,41111,202410,
2018,개인,24.11.06,O,"155,000",17,10,2024,중개거래,경기 수원시 권선구,다가구,7**,228.9,41111,개인,458.81,조원동,41111,202410,
1988,공공기관,,,"50,000",15,10,2024,중개거래,경기 수원시 장안구,단독,3**,183,41111,개인,244.98,영화동,41111,202410,
1994,개인,,,"31,950",2,10,2024,중개거래,경기 수원시 장안구,다가구,1**,140,41111,개인,199.55,영화동,41111,202410,
1971,개인,,,"25,500",11,10,2024,중개거래,경기 수원시 장안구,단독,1**,119,41111,개인,45.95,연무동,41111,202410,
1973,개인,,,"13,000",17,10,2024,중개거래,경기 수원시 장안구,단독,3*,79,41111,개인,33.49,영화동,41111,202410,
2001,개인,,,"130,000",21,11,2024,중개거래,경기 수원시 장안구,단독,2**,210,41111,개인,463.05,율전동,41111,202411,
2024,개인,,,"95,000",20,11,2024,직거래,,단독,2**,519,41111,개인,80.81,하광교동,41111,202411,
1993,개인,,,"43,000",27,11,2024,중개거래,"경기 수원시 권선구, 경기 수원시 장안구",단독,6*,139,41111,개인,198.48,연무동,41111,202411,
1992,개인,,,"62,500",30,11,2024,중개거래,경기 수원시 팔달구,다가구,2**,164,41111,개인,234.66,천천동,41111,202411,
1993,개인,24.11.27,O,"43,000",27,11,2024,중개거래,경기 수원시 장안구,다가구,6*,139,41111,개인,198.48,연무동,41111,202411,
2004,개인,,,"65,500",23,11,2024,중개거래,경기 수원시 장안구,단독,4**,128.6,41111,개인,296.39,영화동,41111,202411,
2016,개인,,,"56,750",30,11,2024,중개거래,경기 수원시 장안구,다가구,1**,131,41111,개인,213.32,영화동,41111,202411,
1995,개인,,,"25,000",26,11,2024,중개거래,경기 수원시 장안구,단독,2**,127.6,41111,개인,179.81,연무동,41111,202411,
1975,개인,,,"11,000",7,11,2024,중개거래,경기 수원시 장안구,단독,6**,72.5,41111,개인,25.79,조원동,41111,202411,
1975,개인,,,"10,000",7,11,2024,중개거래,경기 수원시 장안구,단독,6**,72.5,41111,개인,22.51,조원동,41111,202411,
2012,개인,25.03.04,O,"70,000",10,11,2024,중개거래,경기 수원시 장안구,다가구,4**,181,41111,개인,326.22,파장동,41111,202411,
2004,개인,24.12.03,O,"65,500",23,11,2024,중개거래,경기 수원시 장안구,다가구,4**,128.6,41111,개인,296.39,영화동,41111,202411,
1984,개인,,,"64,700",4,11,2024,중개거래,경기 수원시 장안구,단독,6**,258.8,41111,개인,232.06,파장동,41111,202411,
2001,개인,,,"87,500",17,12,2024,중개거래,경기 수원시 장안구,단독,*,175,41111,개인,250.95,연무동,41111,202412,
2001,개인,25.08.15,O,"87,500",17,12,2024,중개거래,경기 수원시 장안구,단독,*,175,41111,개인,250.95,연무동,41111,202412,
1998,개인,,,"63,500",25,12,2024,중개거래,경기 수원시 장안구,다가구,2**,135,41111,개인,237.84,율전동,41111,202412,
2017,개인,,,"307,880",4,12,2024,중개거래,경기 수원시 장안구,단독,2**,391,41111,개인,746.07,율전동,41111,202412,
1978,개인,,,"36,000",26,12,2024,중개거래,경기 수원시 장안구,다가구,1**,123,41111,개인,139.96,송죽동,41111,202412,
2017,개인,24.12.30,O,"307,880",4,12,2024,중개거래,경기 수원시 장안구,단독,2**,391,41111,개인,746.07,율전동,41111,202412,
2023,개인,,,"140,000",9,12,2024,중개거래,경기 수원시 장안구,단독,4**,180.2,41111,법인,379.68,송죽동,41111,202412,
1995,개인,25.02.01,O,"52,550",18,1,2025,중개거래,경기 수원시 장안구,다가구,1**,160,41111,개인,199.71,영화동,41111,202501,
2001,개인,,,"103,000",24,1,2025,중개거래,경기 수원시 장안구,단독,5**,243.3,41111,개인,382.53,천천동,41111,202501,
1994,개인,,,"60,000",20,1,2025,중개거래,경기 수원시 장안구,다가구,3**,185.9,41111,개인,400.24,송죽동,41111,202501,
1978,개인,,,"27,000",21,1,2025,직거래,,단독,6**,99,41111,개인,20.3,조원동,41111,202501,
2002,개인,,,"84,000",13,1,2025,중개거래,경기 수원시 장안구,다가구,3**,222.8,41111,개인,502.32,영화동,41111,202501,
1982,개인,,,"35,000",4,1,2025,중개거래,경기 수원시 장안구,단독,3**,122.8,41111,개인,194.8,영화동,41111,202501,
2003,개인,,,"121,000",14,1,2025,중개거래,경기 수원시 장안구,다가구,2**,254.7,41111,법인,501.83,연무동,41111,202501,
1996,개인,,,"34,000",9,1,2025,직거래,,다가구,5*,106,41111,개인,167.07,연무동,41111,202501,
1968,개인,,,"25,500",26,2,2025,중개거래,경기 수원시 장안구,단독,1**,142,41111,개인,61.55,영화동,41111,202502,
1983,개인,,,"42,000",25,2,2025,중개거래,경기 수원시 장안구,다가구,2**,173,41111,개인,135.63,연무동,41111,202502,
2004,개인,,,"38,500",24,2,2025,중개거래,경기 수원시 장안구,다가구,3**,112,41111,개인,223.65,정자동,41111,202502,
2018,개인,,,"188,000",17,2,2025,직거래,,다가구,2**,175,41111,개인,723.51,연무동,41111,202502,
1996,개인,,,"26,000",22,2,2025,중개거래,경기 수원시 장안구,다가구,4**,103,41111,개인,147.96,파장동,41111,202502,
1993,개인,,,"30,000",14,2,2025,중개거래,경기 수원시 장안구,단독,6*,99,41111,개인,159.7,연무동,41111,202502,
1984,개인,,,"58,000",9,2,2025,중개거래,경기 수원시 장안구,단독,7**,213.1,41111,개인,162.48,조원동,41111,202502,
2004,개인,,,"82,000",6,2,2025,중개거래,경기 수원시 장안구,다가구,7**,163.8,41111,개인,442.61,조원동,41111,202502,
2004,개인,,,"28,000",25,3,2025,직거래,,단독,1**,132,41111,개인,77.04,율전동,41111,202503,
1992,개인,,,"80,000",26,3,2025,중개거래,경기 수원시 장안구,단독,3*,205,41111,개인,577.97,영화동,41111,202503,
1978,개인,,,"43,000",12,3,2025,중개거래,경기 수원시 장안구,단독,7*,175,41111,개인,74.43,상광교동,41111,202503,
1970,개인,,,"32,000",21,3,2025,중개거래,경기 수원시 장안구,단독,4**,142,41111,개인,59.5,조원동,41111,202503,
1994,개인,,,"32,000",23,3,2025,중개거래,경기 수원시 영통구,단독,1**,126.005,41111,개인,59.5,하광교동,41111,202503,
1977,공공기관,,,"47,300",21,3,2025,중개거래,경기 수원시 권선구,단독,4*,143,41111,개인,69.41,정자동,41111,202503,
1970,개인,25.04.04,O,"32,000",21,3,2025,중개거래,경기 수원시 장안구,단독,4**,142,41111,개인,59.5,조원동,41111,202503,
1977,공공기관,25.03.24,O,"47,300",21,3,2025,중개거래,경기 수원시 권선구,단독,4*,143,41111,개인,69.41,정자동,41111,202503,
1989,개인,,,"45,700",15,3,2025,중개거래,경기 수원시 장안구,단독,7*,144,41111,개인,225,정자동,41111,202503,
1984,법인,,,"76,000",17,3,2025,직거래,,다가구,5*,202.8,41111,개인,161.61,정자동,41111,202503,
1989,개인,,,"40,000",1,3,2025,중개거래,경기 수원시 장안구,단독,7**,132.6,41111,개인,215.1,조원동,41111,202503,
1964,개인,,,"10,000",15,3,2025,중개거래,경기 수원시 장안구,단독,6*,60,41111,개인,24.56,연무동,41111,202503,
1995,개인,,,"31,700",8,3,2025,중개거래,경기 수원시 장안구,다가구,6*,82,41111,개인,136.96,연무동,41111,202503,
2012,개인,,,"70,000",10,3,2025,중개거래,경기 수원시 장안구,다가구,4**,181,41111,개인,326.22,파장동,41111,202503,
1992,개인,,,"38,000",7,3,2025,중개거래,경기 수원시 장안구,단독,2**,150,41111,개인,194.82,송죽동,41111,202503,
2012,개인,25.03.10,O,"70,000",4,3,2025,중개거래,경기 수원시 장안구,다가구,4**,181,41111,개인,326.22,파장동,41111,202503,
1987,개인,,,"47,500",21,4,2025,중개거래,경기 수원시 장안구,단독,2**,152.3,41111,개인,189.34,연무동,41111,202504,
2017,개인,,,"143,500",10,4,2025,중개거래,경기 수원시 권선구,다가구,2**,235,41111,개인,475.74,송죽동,41111,202504,
2015,개인,,,"26,000",14,4,2025,중개거래,경기 수원시 장안구,다가구,1**,97,41111,개인,154.82,연무동,41111,202504,
1986,개인,,,"51,370",29,4,2025,중개거래,경기 수원시 장안구,단독,4**,160,41111,개인,234.93,율전동,41111,202504,
1990,법인,,,"114,000",18,4,2025,중개거래,경기 수원시 장안구,단독,4*,154.9,41111,개인,329.25,정자동,41111,202504,
1983,개인,,,"36,000",25,4,2025,중개거래,"경기 수원시 영통구, 경기 수원시 장안구",단독,2**,148,41111,개인,132.98,연무동,41111,202504,
1987,개인,25.07.03,O,"47,500",21,4,2025,중개거래,경기 수원시 장안구,단독,2**,152.3,41111,개인,189.34,연무동,41111,202504,
1991,개인,,,"48,500",16,4,2025,중개거래,경기 수원시 장안구,단독,2**,166.8,41111,개인,259.2,연무동,41111,202504,
2004,개인,,,"135,000",7,4,2025,중개거래,"경기 수원시 영통구, 경기 수원시 장안구",다가구,2**,187,41111,개인,427.03,율전동,41111,202504,
1988,개인,,,"46,000",7,4,2025,직거래,,다가구,4**,182,41111,개인,224.83,율전동,41111,202504,
1968,개인,,,"27,000",29,5,2025,직거래,,단독,1**,162,41111,개인,66.31,영화동,41111,202505,
2011,개인,,,"101,000",12,5,2025,중개거래,경기 수원시 장안구,다가구,1**,197,41111,개인,375.6,영화동,41111,202505,
1978,개인,,,"26,500",19,5,2025,중개거래,경기 수원시 장안구,단독,5**,141.1,41111,개인,98.09,파장동,41111,202505,
1983,개인,,,"36,500",12,5,2025,중개거래,경기 수원시 장안구,단독,7**,144.9,41111,개인,150.07,조원동,41111,202505,
2004,개인,,,"122,000",25,6,2025,중개거래,경기 수원시 장안구,다가구,1**,210,41111,개인,418.75,영화동,41111,202506,
1989,개인,,,"70,000",18,6,2025,중개거래,경기 수원시 장안구,다가구,4**,224.7,41111,개인,220.47,영화동,41111,202506,
1989,개인,,,"48,000",27,6,2025,중개거래,"경기 수원시 장안구, 서울 성북구",단독,5**,126,41111,개인,216.3,파장동,41111,202506,
1980,개인,,,"62,500",29,6,2025,중개거래,경기 수원시 장안구,다가구,4**,223.7,41111,개인,189.98,영화동,41111,202506,
2003,개인,,,"110,500",25,6,2025,중개거래,경기 수원시 장안구,다가구,4**,159,41111,개인,329.02,율전동,41111,202506,
1983,개인,,,"50,000",27,6,2025,중개거래,"경기 수원시 영통구, 경기 수원시 장안구",단독,2**,181.3,41111,개인,160.75,연무동,41111,202506,
2023,개인,,,"175,000",12,6,2025,중개거래,경기 수원시 장안구,다가구,3**,218.3,41111,개인,427.66,영화동,41111,202506,
2004,개인,26.02.02,O,"64,700",2,6,2025,직거래,,다가구,2**,167,41111,개인,288.9,율전동,41111,202506,
1985,개인,,,"68,800",13,6,2025,중개거래,"경기 수원시 장안구, 경기 수원시 팔달구",단독,5*,154.5,41111,개인,200.41,정자동,41111,202506,
1978,개인,,,"27,200",21,6,2025,중개거래,경기 수원시 장안구,단독,6**,99,41111,개인,66.99,조원동,41111,202506,
1994,개인,,,"59,800",19,6,2025,중개거래,경기 수원시 장안구,다가구,3**,199,41111,개인,270.54,율전동,41111,202506,
1993,개인,,,"64,500",17,6,2025,중개거래,경기 수원시 장안구,다가구,2**,168.9,41111,개인,370.95,연무동,41111,202506,
2002,개인,,,"32,000",11,6,2025,중개거래,경기 수원시 장안구,단독,2**,95.9,41111,개인,102.92,연무동,41111,202506,
2003,개인,,,"70,000",9,6,2025,중개거래,경기 수원시 장안구,다가구,5**,188.5,41111,개인,366.42,파장동,41111,202506,
2016,개인,,,"146,000",18,6,2025,중개거래,경기 수원시 장안구,다가구,7**,243.4,41111,개인,553.15,조원동,41111,202506,
2021,개인,,,"115,000",4,6,2025,중개거래,경기 수원시 장안구,다가구,2**,127,41111,개인,285.14,율전동,41111,202506,
1981,개인,,,"28,507",5,6,2025,중개거래,경기 수원시 장안구,단독,1**,139,41111,개인,83.54,율전동,41111,202506,
1996,개인,,,"55,000",19,7,2025,중개거래,경기 수원시 장안구,다가구,7**,203.7,41111,개인,348.04,조원동,41111,202507,
2001,개인,,,"101,000",24,7,2025,중개거래,경기 수원시 장안구,단독,5**,224.2,41111,개인,361.32,천천동,41111,202507,
2011,개인,,,"170,000",10,7,2025,중개거래,경기 수원시 장안구,다가구,4**,320.8,41111,개인,481.14,영화동,41111,202507,
2008,법인,,,"130,000",15,7,2025,직거래,,단독,3**,203.7,41111,개인,400.24,천천동,41111,202507,
1985,개인,,,"19,500",12,7,2025,중개거래,"경기 수원시 장안구, 경기 수원시 팔달구",단독,5**,158.3,41111,개인,114.53,파장동,41111,202507,
1986,개인,25.09.17,O,"50,000",19,8,2025,중개거래,경기 수원시 장안구,단독,2**,131.7,41111,개인,119.47,연무동,41111,202508,
1990,개인,,,"43,000",25,8,2025,중개거래,경기 수원시 영통구,단독,6**,162,41111,개인,272.91,조원동,41111,202508,
1996,개인,,,"40,000",1,8,2025,중개거래,경기 수원시 장안구,단독,4*,149.7,41111,개인,257.55,정자동,41111,202508,
1984,개인,,,"31,000",12,8,2025,중개거래,경기 수원시 장안구,단독,5**,97.2,41111,개인,119.86,파장동,41111,202508,
1993,개인,,,"43,000",21,8,2025,중개거래,경기 수원시 장안구,단독,2**,145.7,41111,개인,158.66,연무동,41111,202508,
1970,개인,,,"33,250",18,9,2025,중개거래,경기 수원시 장안구,단독,1**,71,41111,개인,23.37,연무동,41111,202509,
1985,개인,,,"42,000",22,9,2025,직거래,,단독,5**,122.4,41111,개인,194.24,송죽동,41111,202509,
1995,개인,,,"49,250",29,9,2025,중개거래,경기 수원시 장안구,다가구,1**,160,41111,개인,199.71,영화동,41111,202509,
1986,개인,,,"31,000",29,9,2025,중개거래,경기 수원시 장안구,단독,6**,115,41111,개인,100.97,조원동,41111,202509,
1987,개인,,,"35,000",8,9,2025,직거래,,다가구,5**,136.1,41111,개인,212.57,파장동,41111,202509,
1989,개인,25.10.03,O,"45,000",5,9,2025,중개거래,경기 수원시 장안구,다가구,5**,115.1,41111,개인,195.43,파장동,41111,202509,
1988,개인,,,"38,000",11,9,2025,중개거래,경기 수원시 장안구,다가구,7**,198.7,41111,개인,221.06,조원동,41111,202509,
1989,개인,,,"25,000",5,9,2025,직거래,,단독,4**,160,41111,개인,263.99,송죽동,41111,202509,
1986,개인,,,"50,000",17,9,2025,중개거래,경기 수원시 장안구,단독,2**,131.7,41111,개인,119.47,연무동,41111,202509,
2004,개인,,,"103,500",1,9,2025,중개거래,경기 수원시 장안구,다가구,4*,142.3,41111,개인,289.86,정자동,41111,202509,
1989,개인,,,"43,000",19,10,2025,중개거래,경기 수원시 장안구,단독,3*,121.1,41111,개인,162.9,정자동,41111,202510,
2010,개인,,,"81,500",15,10,2025,중개거래,경기 수원시 장안구,단독,8*,141,41111,개인,352.07,정자동,41111,202510,
1987,개인,,,"40,000",28,10,2025,중개거래,경기 수원시 장안구,단독,2**,132.8,41111,개인,156,연무동,41111,202510,
1992,개인,,,"63,000",22,10,2025,중개거래,경기 수원시 장안구,다가구,3**,192,41111,개인,258.12,율전동,41111,202510,
2010,개인,25.11.03,O,"81,500",15,10,2025,중개거래,경기 수원시 장안구,다가구,8*,141,41111,개인,352.07,정자동,41111,202510,
1984,개인,,,"42,500",28,10,2025,중개거래,경기 수원시 장안구,단독,3**,134.8,41111,개인,154.37,송죽동,41111,202510,
2002,개인,,,"29,500",25,10,2025,중개거래,경기 수원시 장안구,다가구,1**,72,41111,개인,124.38,영화동,41111,202510,
2001,개인,,,"118,000",15,10,2025,중개거래,경기 수원시 장안구,다가구,3**,240,41111,개인,495.15,천천동,41111,202510,
1995,개인,,,"44,000",4,10,2025,중개거래,"경기 수원시 장안구, 경기 수원시 팔달구",단독,2*,145,41111,개인,233.7,영화동,41111,202510,
2010,개인,,,"77,500",27,11,2025,중개거래,"경기 수원시 장안구, 경기 수원시 팔달구",단독,2**,163,41111,개인,331.3,송죽동,41111,202511,
2014,개인,,,"127,000",27,11,2025,중개거래,경기 수원시 장안구,다가구,2**,218.6,41111,개인,518.87,연무동,41111,202511,
2010,개인,26.01.08,O,"77,500",27,11,2025,중개거래,"경기 수원시 장안구, 경기 수원시 팔달구",다가구,2**,163,41111,개인,331.3,송죽동,41111,202511,
1991,개인,,,"37,000",14,11,2025,중개거래,서울 강남구,다가구,3**,551,41111,개인,240.3,율전동,41111,202511,
1985,개인,,,"41,000",24,11,2025,중개거래,경기 수원시 장안구,단독,2**,145.2,41111,개인,163.44,연무동,41111,202511,
1978,개인,,,"65,000",13,11,2025,중개거래,경기 수원시 장안구,단독,3*,182,41111,개인,107.51,정자동,41111,202511,
1983,개인,,,"35,500",26,12,2025,중개거래,"경기 수원시 장안구, 경기 수원시 팔달구",단독,7**,119.9,41111,개인,136.38,조원동,41111,202512,
1983,개인,,,"40,900",15,12,2025,중개거래,경기 수원시 장안구,단독,3**,189,41111,개인,138.58,율전동,41111,202512,
1993,개인,,,"23,000",17,12,2025,중개거래,"경기 수원시 장안구, 경기 화성시",단독,5*,80,41111,개인,84.96,연무동,41111,202512,
1997,개인,,,"61,500",7,12,2025,중개거래,경기 수원시 장안구,다가구,4**,183.3,41111,개인,426.36,영화동,41111,202512,
1976,개인,,,"25,000",8,12,2025,중개거래,"경기 수원시 장안구, 경기 수원시 팔달구",단독,6**,116,41111,개인,61.88,조원동,41111,202512,
2004,개인,,,"68,300",14,1,2026,직거래,,단독,2**,180,41111,개인,263.98,율전동,41111,202601,
2003,개인,,,"77,000",23,1,2026,중개거래,경기 수원시 장안구,다가구,2**,145,41111,개인,329.75,송죽동,41111,202601,
1996,개인,,,"43,000",31,1,2026,중개거래,경기 수원시 장안구,단독,2**,148.1,41111,개인,175.53,연무동,41111,202601,
1984,개인,,,"38,500",26,2,2026,중개거래,경기 수원시 장안구,단독,3*,132.9,41111,개인,142.84,정자동,41111,202602,
1984,개인,,,"36,500",9,2,2026,중개거래,경기 수원시 장안구,단독,7**,155,41111,개인,180.13,조원동,41111,202602,
1982,개인,,,"32,000",3,2,2026,중개거래,경기 수원시 장안구,단독,7**,143.4,41111,개인,146.79,조원동,41111,202602,
2004,개인,,,"64,700",8,2,2026,중개거래,경기 수원시 장안구,다가구,2**,167,41111,개인,288.9,율전동,41111,202602,
1984,개인,,,"27,000",23,3,2026,중개거래,경기 수원시 장안구,단독,3**,134.8,41111,개인,112.8,송죽동,41111,202603,
1988,개인,,,"46,000",17,3,2026,직거래,,다가구,5**,155.5,41111,법인,249.38,파장동,41111,202603,
1984,개인,,,"43,000",21,3,2026,중개거래,경기 수원시 장안구,단독,2**,196.9,41111,개인,142.17,연무동,41111,202603,
1987,개인,,,"17,000",9,3,2026,중개거래,경기 수원시 장안구,단독,7**,107.5,41111,개인,136.62,조원동,41111,202603,
1987,개인,,,"49,500",30,3,2026,중개거래,경기 수원시 장안구,단독,2**,152.3,41111,개인,189.34,연무동,41111,202603,
1984,개인,26.06.25,O,"27,000",27,3,2026,중개거래,경기 수원시 장안구,단독,3**,134.8,41111,개인,112.8,송죽동,41111,202603,
1979,개인,,,"37,000",20,3,2026,중개거래,경기 수원시 장안구,다가구,2**,159,41111,개인,165.73,송죽동,41111,202603,
1987,개인,,,"43,000",4,3,2026,중개거래,경기 수원시 장안구,단독,3**,118.8,41111,개인,127.36,송죽동,41111,202603,
1994,법인,,,"126,000",13,3,2026,직거래,,다가구,4*,173.7,41111,개인,247.09,정자동,41111,202603,
1994,개인,,,"33,500",6,4,2026,중개거래,"경기 수원시 영통구, 경기 수원시 장안구",다가구,2**,118.6,41111,개인,187.2,연무동,41111,202604,
1987,개인,,,"22,000",30,4,2026,중개거래,충남 홍성군,단독,4**,157.9,41111,개인,124.42,송죽동,41111,202604,
1997,개인,,,"66,500",24,4,2026,직거래,,다가구,4**,256.2,41111,개인,386.49,영화동,41111,202604,
2011,개인,,,"90,500",18,4,2026,중개거래,경기 수원시 장안구,단독,6*,149.7,41111,개인,329.91,정자동,41111,202604,
1993,개인,,,"24,000",24,4,2026,중개거래,경기 수원시 장안구,단독,6*,84,41111,개인,150.63,연무동,41111,202604,
1978,법인,,,"25,000",15,4,2026,중개거래,경기 수원시 장안구,단독,4**,123,41111,개인,70.19,정자동,41111,202604,
1982,개인,,,"44,500",18,4,2026,중개거래,경기 수원시 장안구,다가구,2**,205,41111,개인,134.68,연무동,41111,202604,
1991,개인,,,"43,500",10,4,2026,중개거래,경기 수원시 장안구,단독,5**,176.1,41111,개인,288.9,송죽동,41111,202604,
2019,개인,26.04.27,O,"115,000",6,4,2026,중개거래,경기 수원시 장안구,단독,2**,508,41111,개인,199.51,이목동,41111,202604,
1994,개인,26.07.09,O,"33,500",6,4,2026,중개거래,"경기 수원시 영통구, 경기 수원시 장안구",다가구,2**,118.6,41111,개인,187.2,연무동,41111,202604,
1991,개인,,,"24,000",21,5,2026,직거래,,다가구,1**,128,41111,개인,196.73,송죽동,41111,202605,
1983,개인,,,"44,000",27,5,2026,직거래,,단독,7*,133.4,41111,개인,154.26,정자동,41111,202605,
2018,개인,,,"129,500",28,5,2026,중개거래,경기 화성시 동탄구,단독,2**,528,41111,개인,301.05,이목동,41111,202605,
1995,개인,,,"105,000",9,5,2026,중개거래,경기 수원시 장안구,다가구,9*,189,41111,개인,290.04,율전동,41111,202605,
2020,개인,,,"107,000",4,5,2026,중개거래,"경기 수원시 권선구, 경기 수원시 팔달구",다가구,2**,135.4,41111,개인,276.53,연무동,41111,202605,
1997,개인,,,"81,819",26,5,2026,중개거래,경기 수원시 팔달구,다가구,2**,292.9,41111,개인,589.53,연무동,41111,202605,
1997,개인,,,"102,500",18,5,2026,중개거래,경기 수원시 장안구,다가구,4**,202,41111,개인,326.72,영화동,41111,202605,
1993,개인,,,"34,000",21,5,2026,중개거래,경기 수원시 장안구,다가구,3**,128.5,41111,개인,197.43,영화동,41111,202605,
1979,개인,,,"54,000",15,5,2026,중개거래,경기 수원시 장안구,단독,3**,217.6,41111,개인,177.59,영화동,41111,202605,
1995,개인,,,"63,000",9,5,2026,중개거래,경기 수원시 장안구,단독,3*,186.2,41111,개인,343.71,정자동,41111,202605,
1996,개인,,,"70,000",8,5,2026,직거래,,다가구,4**,239,41111,개인,347.4,영화동,41111,202605,
2018,개인,,,"164,000",4,5,2026,중개거래,경기 수원시 장안구,다가구,2**,196.8,41111,개인,486.47,연무동,41111,202605,
2002,개인,,,"86,000",2,5,2026,중개거래,경기 수원시 장안구,다가구,3**,198.3,41111,개인,414.3,영화동,41111,202605,
1995,개인,,,"50,000",8,6,2026,중개거래,경기 수원시 장안구,다가구,6*,129,41111,개인,224.55,연무동,41111,202606,
1988,개인,,,"51,000",6,6,2026,중개거래,경기 수원시 장안구,단독,6**,194,41111,개인,323.05,조원동,41111,202606,
1969,개인,,,"60,000",9,6,2026,중개거래,경기 수원시 장안구,단독,1**,122,41111,개인,263.64,영화동,41111,202606,
2019,개인,,,"172,000",18,6,2026,중개거래,"경기 수원시 장안구, 서울 서초구",다가구,4*,213.1,41111,개인,532.38,정자동,41111,202606,
2010,개인,,,"93,000",13,6,2026,중개거래,경기 수원시 장안구,단독,4**,181.1,41111,개인,367.8,송죽동,41111,202606,
1985,개인,,,"48,000",10,6,2026,중개거래,경기 수원시 장안구,단독,5**,144.3,41111,개인,168.23,파장동,41111,202606,
1985,개인,,,"25,000",22,6,2026,중개거래,"경기 수원시 영통구, 경기 수원시 장안구",단독,1**,94,41111,개인,111.6,송죽동,41111,202606,
1977,개인,,,"22,000",11,6,2026,중개거래,경기 화성시 동탄구,단독,1**,118,41111,개인,99.12,연무동,41111,202606,
1993,개인,,,"34,000",16,7,2026,중개거래,경기 수원시 장안구,단독,6*,105,41111,개인,166.71,연무동,41111,202607,
1996,개인,,,"43,500",26,7,2024,중개거래,경기 수원시 권선구,다가구,1**,111.8,41113,개인,188.82,세류동,41113,202407,
1996,개인,,,"47,300",20,7,2024,중개거래,경기 수원시 권선구,다가구,8*,171,41113,개인,257.38,고색동,41113,202407,
2006,개인,,,"170,000",12,7,2024,중개거래,경기 수원시권선구,다가구,5**,479.4,41113,개인,955.05,곡반정동,41113,202407,
1993,개인,,,"47,000",10,7,2024,중개거래,경기 수원시 권선구,다가구,1*,140,41113,개인,149.98,서둔동,41113,202407,
1983,개인,,,"33,000",12,7,2024,중개거래,경기 수원시 권선구,다가구,4*,101,41113,개인,100.93,고색동,41113,202407,
2005,개인,,,"80,000",9,7,2024,중개거래,경기 수원시 권선구,다가구,5**,212.3,41113,개인,410.52,곡반정동,41113,202407,
1990,개인,,,"51,000",1,7,2024,중개거래,경기 수원시 권선구,단독,4**,184.1,41113,개인,187.14,구운동,41113,202407,
1991,개인,24.09.20,O,"43,000",21,8,2024,중개거래,경기 수원시 권선구,단독,4**,187.1,41113,개인,225,구운동,41113,202408,
1991,개인,24.12.23,O,"42,500",21,8,2024,중개거래,경기 수원시 권선구,단독,4*,133,41113,개인,111.68,고색동,41113,202408,
1984,개인,,,"36,900",14,8,2024,중개거래,경기 수원시 권선구,단독,1**,143,41113,개인,67.96,고색동,41113,202408,
1986,개인,,,"45,000",8,8,2024,중개거래,경기 수원시 권선구,단독,2**,121.9,41113,개인,210.87,세류동,41113,202408,
,개인,,,"66,808",1,8,2024,중개거래,경기 수원시 권선구,단독,5*,149,41113,개인,60.76,서둔동,41113,202408,
1978,개인,24.08.08,O,"73,200",1,8,2024,중개거래,경기 수원시권선구,단독,5*,202,41113,개인,60.76,서둔동,41113,202408,
2024,개인,,,"57,000",1,8,2024,중개거래,경기 수원시 권선구,단독,1*,181,41113,개인,98.99,서둔동,41113,202408,
1984,개인,,,"47,000",29,9,2024,중개거래,경기 수원시 권선구,단독,1*,159,41113,개인,88.85,서둔동,41113,202409,
2023,개인,,,"164,000",21,9,2024,중개거래,경기 수원시 장안구,다가구,1***,192.3,41113,개인,399.36,권선동,41113,202409,
1982,법인,25.08.12,O,"30,000",30,9,2024,중개거래,경기 수원시 권선구,다가구,2**,120.8,41113,개인,161.32,세류동,41113,202409,
2002,개인,,,"125,000",6,9,2024,중개거래,"경기 수원시 권선구, 경기 수원시 영통구",단독,1***,235.4,41113,개인,469.09,권선동,41113,202409,
1995,개인,,,"50,800",9,9,2024,중개거래,경기 수원시 권선구,다가구,8*,166,41113,개인,281.52,고색동,41113,202409,
1994,개인,,,"81,500",20,10,2024,중개거래,경기 수원시 권선구,단독,1***,246.5,41113,개인,438.98,권선동,41113,202410,
1995,개인,,,"100,000",21,10,2024,직거래,,단독,*,646,41113,개인,199.66,고색동,41113,202410,
1971,개인,,,"67,000",17,10,2024,중개거래,경기 수원시 권선구,단독,2*,102,41113,개인,37.36,서둔동,41113,202410,
1993,개인,,,"38,000",19,10,2024,중개거래,경기 수원시 권선구,다가구,4**,124,41113,개인,167.13,호매실동,41113,202410,
2005,개인,,,"84,500",23,10,2024,중개거래,경기 수원시 권선구,다가구,5**,175.7,41113,개인,389.5,곡반정동,41113,202410,
1987,개인,,,"40,000",25,10,2024,중개거래,경기 수원시 권선구,단독,1***,120.8,41113,개인,209.82,세류동,41113,202410,
1984,개인,,,"27,500",21,10,2024,중개거래,경기 수원시 권선구,단독,2**,147,41113,개인,75.13,고색동,41113,202410,
1990,개인,,,"49,000",25,10,2024,중개거래,경기 수원시 권선구,단독,3*,161,41113,개인,227.06,서둔동,41113,202410,
1991,개인,,,"44,900",7,10,2024,중개거래,경기 수원시 권선구,다가구,5*,155,41113,개인,219,고색동,41113,202410,
1985,개인,24.11.19,O,"33,000",24,10,2024,중개거래,경기 수원시 권선구,단독,3*,122,41113,개인,112.92,서둔동,41113,202410,
2024,개인,,,"113,000",1,10,2024,직거래,,단독,8*,358,41113,개인,95.87,고색동,41113,202410,
2006,개인,,,"69,500",20,10,2024,중개거래,경기 수원시 권선구,다가구,5**,173.8,41113,개인,356.44,곡반정동,41113,202410,
1987,개인,,,"56,500",1,10,2024,중개거래,경기 수원시 권선구,단독,9**,168.2,41113,개인,169.74,권선동,41113,202410,
1985,개인,24.10.24,O,"33,000",9,10,2024,중개거래,경기 수원시 권선구,다가구,3*,122,41113,개인,122,서둔동,41113,202410,
1994,개인,,,"89,500",20,11,2024,직거래,,다가구,1***,233.3,41113,개인,496.3,권선동,41113,202411,
1985,개인,,,"32,500",19,11,2024,중개거래,경기 수원시 권선구,단독,3*,122,41113,개인,112.92,서둔동,41113,202411,
2016,개인,,,"150,000",7,11,2024,중개거래,경기 수원시 권선구,단독,1***,289,41113,개인,553.2,호매실동,41113,202411,
1984,개인,,,"12,500",13,11,2024,중개거래,경기 수원시 권선구,단독,4**,112.3,41113,개인,78.975,세류동,41113,202411,
1989,기타,,,"48,000",9,11,2024,중개거래,경기 수원시 팔달구,다가구,9**,149,41113,개인,220.88,세류동,41113,202411,
1990,개인,,,"44,000",5,11,2024,중개거래,경기 수원시 권선구,단독,5**,191.7,41113,개인,238.57,구운동,41113,202411,
1990,개인,,,"46,500",20,12,2024,중개거래,경기 수원시 권선구,단독,4**,184.2,41113,개인,288.84,구운동,41113,202412,
1985,개인,,,"16,300",17,12,2024,직거래,,단독,8**,126,41113,개인,207.7,세류동,41113,202412,
1989,개인,,,"39,500",30,12,2024,중개거래,경기 수원시 권선구,단독,2*,184,41113,개인,156.01,탑동,41113,202412,
1996,개인,,,"53,000",9,12,2024,직거래,,다가구,8*,198,41113,개인,346.16,고색동,41113,202412,
1991,개인,,,"23,200",20,1,2025,직거래,,단독,5**,120,41113,개인,65.6,구운동,41113,202501,
1989,개인,,,"67,000",14,1,2025,중개거래,경기 수원시 권선구,단독,1***,210.5,41113,개인,325.3,세류동,41113,202501,
2015,개인,,,"85,630",16,1,2025,중개거래,경기 수원시 권선구,단독,1***,705,41113,개인,160.68,오목천동,41113,202501,
1986,개인,,,"24,300",24,1,2025,중개거래,경기 수원시 권선구,단독,8**,109,41113,개인,139.3,고색동,41113,202501,
1988,개인,25.04.04,O,"48,500",3,1,2025,중개거래,경기 수원시 권선구,단독,1***,171.8,41113,개인,176.35,세류동,41113,202501,
1994,개인,,,"56,550",1,2,2025,중개거래,경기 수원시 권선구,단독,1**,248,41113,개인,111.25,세류동,41113,202502,
1979,개인,,,"20,000",25,2,2025,중개거래,경기 수원시 권선구,단독,2**,119,41113,개인,64.23,고색동,41113,202502,
2012,개인,,,"87,000",28,2,2025,중개거래,경기 수원시 권선구,다가구,2**,223,41113,개인,420,서둔동,41113,202502,
1989,개인,,,"47,000",25,2,2025,직거래,,단독,5**,178.5,41113,개인,178.92,구운동,41113,202502,
1970,개인,,,"59,000",14,2,2025,중개거래,경기 수원시 권선구,단독,4*,161,41113,개인,57.95,평동,41113,202502,
1994,개인,25.04.30,O,"60,000",1,2,2025,중개거래,경기 수원시 권선구,단독,1**,327,41113,개인,111.25,세류동,41113,202502,
2014,개인,,,"135,000",6,3,2025,중개거래,경기 수원시 권선구,다가구,1***,303.9,41113,개인,483.24,호매실동,41113,202503,
1976,개인,,,"22,900",27,3,2025,직거래,,단독,4*,139,41113,개인,49.92,서둔동,41113,202503,
1988,개인,,,"30,000",10,3,2025,직거래,,다가구,*,148,41113,개인,184.05,장지동,41113,202503,
2014,개인,25.06.02,O,"135,000",6,3,2025,중개거래,경기 수원시 권선구,단독,1***,303.9,41113,개인,483.24,호매실동,41113,202503,
1989,개인,25.04.07,O,"39,500",28,3,2025,중개거래,경기 수원시 팔달구,다가구,2**,121,41113,개인,186.82,세류동,41113,202503,
1996,개인,,,"134,500",20,3,2025,중개거래,경기 수원시 권선구,다가구,1***,241.8,41113,개인,428.28,권선동,41113,202503,
1993,개인,,,"50,000",11,3,2025,직거래,,단독,1***,178.2,41113,개인,294.66,세류동,41113,202503,
1995,개인,,,"45,000",20,3,2025,중개거래,경기 수원시 권선구,다가구,3*,156,41113,개인,232.61,서둔동,41113,202503,
1978,개인,,,"19,000",16,3,2025,중개거래,경기 평택시,단독,1***,123,41113,개인,76.7,세류동,41113,202503,
2007,개인,,,"56,300",12,3,2025,중개거래,경기 수원시 권선구,다가구,5**,159.9,41113,개인,369.43,곡반정동,41113,202503,
1983,개인,,,"31,000",14,3,2025,중개거래,경기 수원시 권선구,다가구,4*,108,41113,개인,113.26,고색동,41113,202503,
2013,개인,,,"33,150",1,3,2025,중개거래,경기 수원시 팔달구,단독,1***,444.5,41113,개인,128.92,세류동,41113,202503,
1987,개인,,,"35,500",13,3,2025,직거래,,단독,1***,181.7,41113,개인,138.97,세류동,41113,202503,
1985,개인,,,"15,000",5,3,2025,중개거래,경기 수원시 권선구,다가구,4**,158.5,41113,개인,161.04,세류동,41113,202503,
1996,개인,,,"33,000",23,4,2025,중개거래,경기 수원시 권선구,다가구,1**,98.6,41113,개인,173.34,세류동,41113,202504,
1993,개인,,,"59,400",8,4,2025,중개거래,경기 수원시 권선구,다가구,9*,182,41113,개인,299.58,세류동,41113,202504,
1970,개인,,,"16,000",15,4,2025,중개거래,경기 수원시 권선구,단독,4*,79,41113,개인,68.42,평동,41113,202504,
2020,개인,,,"75,600",24,4,2025,중개거래,경기 수원시 권선구,다가구,1***,121.6,41113,개인,200.57,세류동,41113,202504,
1988,개인,,,"48,500",4,4,2025,중개거래,경기 수원시 권선구,단독,1***,171.8,41113,개인,176.35,세류동,41113,202504,
2002,개인,,,"90,000",14,5,2025,직거래,,단독,1***,219,41113,개인,328.98,세류동,41113,202505,
1980,개인,,,"34,000",14,5,2025,직거래,,단독,1***,133,41113,개인,128.91,세류동,41113,202505,
1980,개인,,,"32,000",14,5,2025,직거래,,단독,1***,119,41113,개인,75.67,세류동,41113,202505,
1991,개인,,,"35,000",19,5,2025,중개거래,경기 수원시 권선구,단독,4*,133,41113,개인,176.57,고색동,41113,202505,
1978,개인,,,"17,500",26,5,2025,중개거래,경기 수원시 권선구,다가구,8**,128,41113,개인,136.59,세류동,41113,202505,
2006,개인,,,"45,000",5,5,2025,중개거래,경기 수원시 권선구,다가구,8**,111.1,41113,개인,200.81,탑동,41113,202505,
1974,법인,25.09.13,O,"22,000",13,5,2025,중개거래,경기 수원시 권선구,단독,1**,136,41113,개인,57.69,서둔동,41113,202505,
1984,개인,,,"28,700",14,5,2025,중개거래,경기 수원시 권선구,다가구,2**,144,41113,개인,127,서둔동,41113,202505,
1987,개인,,,"63,200",22,5,2025,중개거래,경기 화성시,단독,1***,176.5,41113,개인,189.49,세류동,41113,202505,
1986,개인,,,"58,000",26,5,2025,중개거래,경기 수원시 권선구,단독,1*,181,41113,개인,121.94,서둔동,41113,202505,
1971,개인,,,"25,000",12,5,2025,중개거래,경기 수원시 권선구,단독,4*,105,41113,개인,47.93,평동,41113,202505,
1986,개인,,,"28,000",20,5,2025,중개거래,경기 수원시 권선구,단독,8**,106,41113,개인,93.93,탑동,41113,202505,
2004,개인,,,"74,000",2,5,2025,중개거래,경기 수원시 권선구,단독,9**,176,41113,개인,415.44,권선동,41113,202505,
2002,개인,25.05.01,O,"40,000",1,5,2025,중개거래,경기 수원시 권선구,단독,3*,136,41113,개인,239.95,서둔동,41113,202505,
1970,개인,,,"17,000",12,6,2025,중개거래,경기 수원시 권선구,단독,1***,96,41113,개인,35.5,세류동,41113,202506,
1972,개인,,,"219,700",26,6,2025,직거래,,단독,1*,572,41113,개인,71.4,평동,41113,202506,
2017,개인,,,"160,000",30,6,2025,중개거래,경기 수원시 권선구,단독,1***,269.9,41113,개인,479.28,호매실동,41113,202506,
1988,개인,,,"60,000",25,6,2025,중개거래,경기 수원시 권선구,단독,1***,205.5,41113,개인,276.3,세류동,41113,202506,
1984,개인,,,"49,500",27,6,2025,중개거래,경기 수원시 권선구,단독,9**,176,41113,개인,225.41,세류동,41113,202506,
2014,개인,25.07.01,O,"135,000",2,6,2025,중개거래,경기 수원시 권선구,단독,1***,303.9,41113,개인,483.24,호매실동,41113,202506,
1980,개인,,,"32,000",16,6,2025,중개거래,"경기 수원시 팔달구, 경기 화성시",단독,1***,122.8,41113,개인,105.83,세류동,41113,202506,
1970,개인,25.07.25,O,"17,000",12,6,2025,중개거래,경기 수원시 권선구,단독,1***,96,41113,개인,35.5,세류동,41113,202506,
1988,법인,,,"69,000",8,6,2025,직거래,,다가구,9**,154,41113,개인,168.8,권선동,41113,202506,
1986,법인,,,"69,000",8,6,2025,직거래,,다가구,9**,151.2,41113,개인,168.81,권선동,41113,202506,
1980,개인,,,"60,000",28,7,2025,중개거래,경기 수원시 권선구,단독,1*,203,41113,개인,127.43,평동,41113,202507,
1989,개인,,,"85,000",22,7,2025,중개거래,경기 수원시 권선구,단독,8**,171,41113,개인,372.3,세류동,41113,202507,
1983,개인,,,"27,000",23,7,2025,중개거래,경기 수원시 권선구,다가구,4**,133.6,41113,개인,124.19,세류동,41113,202507,
1984,개인,,,"24,000",18,7,2025,중개거래,"경기 수원시 팔달구, 경기 화성시",단독,8*,116,41113,개인,80.45,고색동,41113,202507,
1990,개인,,,"53,500",26,7,2025,중개거래,경기 수원시 권선구,단독,4**,198,41113,개인,273.51,구운동,41113,202507,
2002,개인,,,"111,500",17,7,2025,중개거래,경기 수원시 권선구,단독,9**,321.8,41113,개인,740.7,구운동,41113,202507,
1989,개인,25.08.19,O,"85,000",22,7,2025,중개거래,경기 수원시 권선구,단독,8**,171,41113,개인,372.3,세류동,41113,202507,
1987,개인,,,"12,500",24,7,2025,중개거래,경기 수원시 권선구,단독,1***,179.4,41113,개인,60.4,세류동,41113,202507,
1991,개인,,,"43,500",14,7,2025,중개거래,경기 수원시 권선구,단독,1***,144,41113,개인,247.68,세류동,41113,202507,
1979,개인,,,"96,000",4,7,2025,중개거래,"경기 남양주시, 경기 수원시 권선구",단독,2*,225,41113,개인,86.32,평동,41113,202507,
1994,개인,,,"46,000",8,7,2025,중개거래,경기 수원시 권선구,단독,1***,131,41113,개인,190.96,세류동,41113,202507,
2003,개인,,,"110,000",25,8,2025,중개거래,경기 수원시 팔달구,다가구,9**,407,41113,개인,250.44,세류동,41113,202508,
1984,법인,,,"38,000",20,8,2025,중개거래,경기 수원시 권선구,단독,1**,119,41113,개인,71.1,고색동,41113,202508,
2025,개인,25.10.22,O,"32,000",13,8,2025,중개거래,경기 수원시 권선구,단독,8**,126,41113,개인,46.28,고색동,41113,202508,
1989,개인,,,"49,500",29,8,2025,중개거래,경기 수원시 권선구,단독,5**,178.5,41113,개인,178.92,구운동,41113,202508,
1986,개인,,,"50,000",18,8,2025,중개거래,"경기 수원시 권선구, 경기 수원시 팔달구",단독,1***,203.5,41113,개인,255.89,세류동,41113,202508,
1993,개인,,,"39,000",14,8,2025,중개거래,경기 수원시 팔달구,다가구,2**,109,41113,개인,164.14,세류동,41113,202508,
1982,개인,,,"30,000",12,8,2025,중개거래,경기 수원시 권선구,다가구,2**,120.8,41113,개인,161.32,세류동,41113,202508,
1983,개인,,,"28,000",4,8,2025,직거래,,다가구,8*,146,41113,개인,139.41,고색동,41113,202508,
1985,개인,,,"22,500",25,9,2025,중개거래,경기 수원시 권선구,단독,1*,112,41113,개인,100.53,서둔동,41113,202509,
1989,개인,,,"23,400",27,9,2025,직거래,,단독,5**,170,41113,개인,256.76,구운동,41113,202509,
1989,개인,,,"41,500",27,9,2025,중개거래,경기 수원시 권선구,단독,5**,182.8,41113,개인,254,구운동,41113,202509,
2001,개인,,,"71,500",18,9,2025,중개거래,경기 수원시 권선구,다가구,5**,183.2,41113,개인,299.52,세류동,41113,202509,
2006,개인,,,"77,500",16,10,2025,중개거래,경기 수원시 권선구,다가구,6**,173.6,41113,개인,401.05,곡반정동,41113,202510,
1979,개인,25.11.10,O,"19,200",28,10,2025,중개거래,경기 수원시 권선구,단독,3**,119,41113,개인,65.56,고색동,41113,202510,
1981,개인,,,"29,500",2,10,2025,중개거래,경기 수원시 권선구,단독,1**,98,41113,개인,57.22,세류동,41113,202510,
1989,개인,,,"62,900",16,10,2025,중개거래,경기 수원시 권선구,단독,1***,203,41113,개인,249.57,권선동,41113,202510,
2015,개인,,,"120,500",15,10,2025,중개거래,경기 수원시 권선구,단독,1***,279.8,41113,개인,493.76,호매실동,41113,202510,
1978,개인,,,"34,000",26,11,2025,중개거래,경기 수원시 권선구,다가구,4**,202.4,41113,개인,176.95,세류동,41113,202511,
1997,개인,,,"40,000",30,11,2025,중개거래,경기 수원시 권선구,단독,1**,202,41113,개인,256.88,서둔동,41113,202511,
2015,법인,,,"160,000",21,11,2025,중개거래,경기 수원시 권선구,다가구,1***,251.4,41113,개인,492.54,금곡동,41113,202511,
1981,개인,,,"41,000",26,11,2025,중개거래,경기 수원시 권선구,단독,1***,137,41113,개인,179.86,세류동,41113,202511,
1991,개인,,,"19,000",26,11,2025,중개거래,경기 수원시 권선구,단독,1***,85.9,41113,개인,142.53,세류동,41113,202511,
1979,개인,25.12.03,O,"28,000",14,11,2025,중개거래,경기 수원시 권선구,단독,3*,92,41113,개인,91,서둔동,41113,202511,
2014,개인,,,"165,000",6,11,2025,중개거래,"경기 수원시 권선구, 경기 수원시 팔달구",다가구,1***,243.6,41113,개인,484.44,금곡동,41113,202511,
1995,법인,,,"148,000",4,11,2025,중개거래,경기 수원시 팔달구,단독,5**,384,41113,개인,204.31,세류동,41113,202511,
2001,법인,,,"64,214",25,12,2025,중개거래,경기 수원시 권선구,단독,9*,291,41113,개인,99.54,고색동,41113,202512,
2015,개인,,,"165,000",19,12,2025,중개거래,경기 군포시,단독,1***,249.7,41113,법인,656.97,호매실동,41113,202512,
1979,개인,,,"21,350",25,12,2025,직거래,,단독,1***,130,41113,개인,80.98,세류동,41113,202512,
1978,개인,,,"30,000",26,12,2025,직거래,,단독,1*,136,41113,개인,139.05,평동,41113,202512,
1978,개인,25.12.30,O,"36,000",26,12,2025,직거래,,단독,1*,166,41113,개인,139.05,평동,41113,202512,
1984,개인,,,"24,885",17,12,2025,직거래,,단독,4*,169,41113,개인,103.1,고색동,41113,202512,
1990,개인,,,"62,500",16,12,2025,중개거래,경기 수원시 권선구,단독,1***,192.4,41113,개인,286.74,권선동,41113,202512,
1990,개인,,,"50,000",18,12,2025,직거래,,다가구,4**,183.9,41113,개인,286.31,구운동,41113,202512,
1988,개인,,,"35,500",10,12,2025,중개거래,경기 수원시 권선구,단독,5**,200,41113,개인,255.82,세류동,41113,202512,
1979,개인,,,"26,000",3,12,2025,중개거래,경기 수원시 권선구,단독,3*,92,41113,개인,119.07,서둔동,41113,202512,
1991,개인,,,"68,800",31,1,2026,중개거래,경기 수원시 권선구,단독,1***,195.5,41113,개인,100.98,권선동,41113,202601,
1978,개인,,,"30,000",26,1,2026,중개거래,경기 수원시 권선구,다가구,4**,144.1,41113,개인,136.41,세류동,41113,202601,
2002,개인,,,"31,800",29,1,2026,중개거래,경기 수원시 권선구,단독,2**,148,41113,개인,75.74,당수동,41113,202601,
2004,개인,,,"52,800",24,1,2026,중개거래,경기 수원시 권선구,다가구,4**,155.3,41113,개인,190.68,세류동,41113,202601,
1985,개인,,,"29,500",17,1,2026,중개거래,경기 수원시 권선구,단독,5**,116,41113,개인,138.78,세류동,41113,202601,
1990,개인,,,"31,000",17,1,2026,중개거래,경기 수원시 권선구,다가구,7*,133,41113,개인,113.52,고색동,41113,202601,
2002,개인,,,"80,500",7,1,2026,중개거래,경기 수원시 권선구,단독,9**,240.6,41113,개인,502.5,구운동,41113,202601,
2005,개인,,,"70,000",8,1,2026,직거래,,다가구,5**,214.1,41113,개인,491.71,곡반정동,41113,202601,
2004,개인,,,"80,000",7,1,2026,중개거래,경기 수원시 권선구,다가구,5**,195.8,41113,개인,416.14,곡반정동,41113,202601,
1984,개인,,,"34,201",2,1,2026,직거래,,단독,1**,122,41113,개인,62.03,고색동,41113,202601,
1971,개인,,,"16,400",2,1,2026,직거래,,단독,1**,139,41113,개인,43.74,서둔동,41113,202601,
1991,개인,,,"37,000",28,2,2026,중개거래,경기 수원시 권선구,단독,4**,160,41113,개인,243.78,오목천동,41113,202602,
1991,개인,26.03.20,O,"37,000",28,2,2026,중개거래,경기 수원시 권선구,단독,4**,160,41113,개인,243.78,오목천동,41113,202602,
1994,개인,,,"40,000",25,2,2026,중개거래,경기 수원시 권선구,단독,1***,132,41113,개인,199.84,세류동,41113,202602,
2010,개인,,,"73,500",23,2,2026,중개거래,경기 수원시 권선구,다가구,6**,327,41113,개인,609.04,세류동,41113,202602,
2004,개인,,,"82,000",7,2,2026,중개거래,경기 수원시 권선구,다가구,5**,232,41113,개인,492.05,곡반정동,41113,202602,
1994,개인,,,"43,500",4,2,2026,중개거래,경기 수원시 권선구,다가구,5**,173,41113,개인,199.7,세류동,41113,202602,
1984,개인,,,"17,000",31,3,2026,직거래,,단독,1***,89.6,41113,개인,133.26,세류동,41113,202603,
1983,개인,,,"19,600",28,3,2026,중개거래,경기 수원시 권선구,단독,*,129,41113,개인,13.5,평동,41113,202603,
1983,개인,,,"20,400",28,3,2026,중개거래,경기 수원시 권선구,단독,1*,46,41113,개인,16.53,평동,41113,202603,
2002,개인,,,"38,000",7,3,2026,직거래,,다가구,1***,129.1,41113,개인,220.23,세류동,41113,202603,
1992,개인,,,"33,000",29,3,2026,중개거래,경기 수원시 권선구,단독,1***,128,41113,개인,201.87,세류동,41113,202603,
1972,개인,,,"30,000",30,3,2026,중개거래,경기 수원시 권선구,단독,2**,108,41113,개인,59.01,서둔동,41113,202603,
1987,개인,,,"28,000",7,3,2026,중개거래,경기 수원시 권선구,단독,4**,119.9,41113,개인,114.39,세류동,41113,202603,
2012,개인,,,"53,000",30,4,2026,중개거래,"경기 수원시 권선구, 경기 수원시 팔달구",단독,1***,154,41113,개인,442.22,세류동,41113,202604,
2011,개인,,,"215,000",7,4,2026,중개거래,경기 수원시 권선구,단독,2**,989,41113,개인,319.24,서둔동,41113,202604,
2015,개인,,,"138,000",17,5,2026,중개거래,경기 수원시 권선구,단독,1***,268.8,41113,개인,494.09,호매실동,41113,202605,
1982,법인,,,"45,000",29,5,2026,직거래,,단독,4**,174.4,41113,개인,136.63,세류동,41113,202605,
1989,개인,,,"45,000",31,5,2026,중개거래,경기 수원시 권선구,다가구,4**,136.5,41113,개인,201.92,세류동,41113,202605,
1989,개인,,,"53,000",31,5,2026,중개거래,경기 수원시 권선구,다가구,4**,136.5,41113,개인,229.32,세류동,41113,202605,
1985,개인,,,"29,400",26,5,2026,중개거래,경기 수원시 권선구,단독,1*,84,41113,개인,110.45,서둔동,41113,202605,
2014,개인,,,"142,000",11,5,2026,중개거래,경기 수원시 권선구,다가구,9**,173.2,41113,개인,429.77,권선동,41113,202605,
2014,개인,,,"29,300",1,5,2026,중개거래,경기 수원시 권선구,다가구,6**,188,41113,개인,99,세류동,41113,202605,
1993,개인,,,"70,000",22,6,2026,중개거래,경기 수원시 권선구,단독,5**,190.1,41113,개인,347.75,구운동,41113,202606,
1990,개인,,,"47,700",20,6,2026,중개거래,경기 수원시 권선구,단독,4**,201.1,41113,개인,190.33,구운동,41113,202606,
2015,개인,,,"68,000",26,6,2026,중개거래,경기 수원시 권선구,단독,8**,228,41113,개인,221.04,호매실동,41113,202606,
1993,개인,,,"45,000",22,6,2026,중개거래,경기 수원시 권선구,다가구,8*,118,41113,개인,199.31,세류동,41113,202606,
2015,개인,,,"150,000",10,6,2026,중개거래,경기 수원시 권선구,단독,1***,262.6,41113,개인,494.17,호매실동,41113,202606,
1980,개인,,,"39,500",17,7,2026,중개거래,경기 수원시 장안구,단독,2**,150.5,41113,개인,164.88,세류동,41113,202607,
2011,개인,,,"215,000",15,7,2026,중개거래,경기 수원시 권선구,단독,2**,989,41113,개인,319.24,서둔동,41113,202607,
2005,개인,,,"99,000",14,7,2026,중개거래,경기 수원시 권선구,단독,9**,226.8,41113,개인,865.97,구운동,41113,202607,
2005,개인,,,"171,000",14,7,2026,중개거래,경기 수원시 권선구,단독,9**,298.5,41113,개인,1135.44,구운동,41113,202607,
1985,개인,,,"35,000",3,7,2026,직거래,,단독,1***,204.6,41113,개인,176.13,세류동,41113,202607,
1962,개인,,,"50,000",18,7,2024,중개거래,경기 수원시 장안구,단독,8*,136,41115,개인,55.54,신풍동,41115,202407,
2004,법인,,,"680,000",26,7,2024,중개거래,경기 수원시 팔달구,단독,1**,773.5,41115,개인,1304.75,화서동,41115,202407,
1988,개인,,,"49,200",26,7,2024,직거래,,다가구,1***,150.1,41115,개인,337.2,인계동,41115,202407,
2001,개인,,,"69,000",20,7,2024,중개거래,경기 수원시 팔달구,다가구,1**,161,41115,개인,264.57,화서동,41115,202407,
1970,법인,25.11.26,O,"97,000",24,7,2024,직거래,,단독,7**,99,41115,개인,119.24,인계동,41115,202407,
1993,개인,,,"42,000",30,7,2024,중개거래,경기 수원시 권선구,다가구,1**,163,41115,개인,162.96,매산로3가,41115,202407,
1972,개인,,,"179,000",24,7,2024,중개거래,경기 수원시 장안구,다가구,1**,197,41115,개인,502.79,화서동,41115,202407,
1980,개인,,,"32,000",30,7,2024,중개거래,경기 수원시 팔달구,단독,2**,122,41115,개인,115.71,지동,41115,202407,
1987,개인,,,"49,800",20,7,2024,중개거래,경기 수원시 팔달구,단독,5**,147.6,41115,개인,157.4,우만동,41115,202407,
1988,개인,,,"53,500",18,7,2024,중개거래,경기 수원시팔달구,다가구,5**,196,41115,개인,249.93,우만동,41115,202407,
1987,개인,,,"35,000",6,7,2024,중개거래,경기 수원시 영통구,다가구,4**,100.2,41115,개인,125.82,우만동,41115,202407,
1990,개인,,,"50,000",9,7,2024,중개거래,경기 수원시 팔달구,다가구,2**,168,41115,개인,278.84,화서동,41115,202407,
1991,개인,,,"13,000",2,8,2024,직거래,,단독,1**,136,41115,개인,81.46,매향동,41115,202408,
1997,개인,,,"39,500",8,8,2024,중개거래,경기 수원시 팔달구,다가구,5**,101.1,41115,개인,198.66,우만동,41115,202408,
1981,개인,,,"34,000",28,8,2024,중개거래,경기 수원시 팔달구,단독,1**,104.7,41115,개인,69.72,화서동,41115,202408,
2007,개인,,,"192,500",19,8,2024,중개거래,서울 동대문구,다가구,9**,390.1,41115,개인,835.9,인계동,41115,202408,
1972,개인,,,"30,000",9,8,2024,직거래,,단독,1**,142,41115,개인,47.9,고등동,41115,202408,
1977,개인,,,"46,000",7,8,2024,중개거래,경기 수원시 팔달구,단독,1**,133.6,41115,개인,83.24,고등동,41115,202408,
2000,개인,,,"109,000",1,8,2024,중개거래,경기 수원시 팔달구,단독,4**,270.7,41115,개인,443.52,우만동,41115,202408,
1987,개인,,,"40,000",30,9,2024,중개거래,경기 수원시 팔달구,단독,1***,96.2,41115,개인,101.44,인계동,41115,202409,
1990,개인,,,"67,000",9,9,2024,중개거래,경기 수원시 팔달구,다가구,4**,169.2,41115,개인,263.13,우만동,41115,202409,
1944,개인,,,"50,000",16,9,2024,직거래,,단독,3**,139,41115,개인,42.84,장안동,41115,202409,
1985,개인,,,"46,000",21,9,2024,중개거래,경기 수원시 팔달구,단독,1**,160,41115,개인,220.32,지동,41115,202409,
1987,개인,24.12.04,O,"40,000",30,9,2024,중개거래,경기 수원시 팔달구,단독,1***,96.2,41115,개인,101.44,인계동,41115,202409,
1995,개인,,,"39,000",9,9,2024,중개거래,경기 수원시 팔달구,단독,5**,138.9,41115,개인,144.6,우만동,41115,202409,
1971,개인,,,"20,900",11,9,2024,중개거래,경기 수원시 팔달구,단독,1**,86,41115,개인,62.15,매향동,41115,202409,
1988,개인,,,"60,000",5,9,2024,중개거래,경기 수원시 팔달구,단독,4**,170.1,41115,개인,249.68,우만동,41115,202409,
1981,개인,,,"28,250",6,9,2024,중개거래,경기 수원시 팔달구,단독,1*,83,41115,개인,86.17,남수동,41115,202409,
1990,개인,24.12.02,O,"67,000",9,9,2024,중개거래,경기 수원시 팔달구,다가구,4**,169.2,41115,개인,263.13,우만동,41115,202409,
2005,개인,,,"160,000",27,10,2024,중개거래,경기 수원시 팔달구,다가구,1**,277,41115,개인,544.45,화서동,41115,202410,
1974,개인,,,"24,000",30,10,2024,직거래,,단독,1*,162,41115,개인,30.41,남수동,41115,202410,
1995,개인,,,"89,000",25,10,2024,중개거래,"경기 수원시 영통구, 경기 수원시 팔달구",다가구,5**,198.5,41115,개인,349.38,우만동,41115,202410,
2002,개인,,,"160,000",12,10,2024,중개거래,"경기 수원시 팔달구, 경기 오산시",다가구,7*,251,41115,개인,475.44,우만동,41115,202410,
2003,개인,,,"58,000",13,10,2024,중개거래,경기 수원시 팔달구,다가구,1*,156,41115,개인,339.69,화서동,41115,202410,
1984,개인,,,"42,500",13,10,2024,중개거래,경기 수원시 팔달구,다가구,1**,100,41115,개인,106.68,화서동,41115,202410,
2004,개인,,,"47,600",12,10,2024,중개거래,경기 수원시 팔달구,다가구,1**,165.6,41115,개인,179.55,화서동,41115,202410,
2013,개인,,,"79,000",10,10,2024,중개거래,경기 수원시 팔달구,다가구,3*,204.2,41115,개인,302.65,고등동,41115,202410,
2004,개인,24.10.29,O,"47,600",12,10,2024,중개거래,경기 수원시 팔달구,다가구,1**,165.6,41115,개인,179.55,화서동,41115,202410,
2002,개인,,,"48,500",11,10,2024,중개거래,경기 수원시 팔달구,다가구,2**,135,41115,개인,289.53,지동,41115,202410,
1958,개인,,,"29,400",8,10,2024,직거래,,단독,7**,89,41115,개인,39.67,인계동,41115,202410,
1987,개인,,,"44,500",5,10,2024,중개거래,경기 수원시 팔달구,다가구,5**,126,41115,개인,146.92,우만동,41115,202410,
1986,개인,,,"19,000",4,10,2024,중개거래,경기 수원시 팔달구,단독,1**,134,41115,개인,129.48,화서동,41115,202410,
1986,개인,24.10.08,O,"16,000",4,10,2024,중개거래,경기 수원시 팔달구,단독,1**,134,41115,개인,129.48,화서동,41115,202410,
1992,개인,,,"50,850",16,11,2024,중개거래,경기 수원시 팔달구,다가구,1**,172,41115,개인,325.89,지동,41115,202411,
1975,기타,,,"17,000",5,11,2024,중개거래,경기 수원시 팔달구,단독,*,116,41115,개인,95.7,교동,41115,202411,
1992,개인,25.02.28,O,"51,300",16,11,2024,중개거래,경기 수원시 팔달구,다가구,1**,172,41115,개인,325.89,지동,41115,202411,
1989,개인,,,"58,000",3,11,2024,중개거래,경기 수원시 팔달구,단독,5*,185.8,41115,개인,219.35,화서동,41115,202411,
1989,개인,24.11.26,O,"58,300",3,11,2024,중개거래,경기 수원시 팔달구,다가구,5*,185.8,41115,개인,219.35,화서동,41115,202411,
1984,개인,,,"30,000",8,11,2024,중개거래,경기 수원시 팔달구,단독,8*,129,41115,개인,124.75,화서동,41115,202411,
1979,개인,,,"39,200",7,11,2024,중개거래,경기 수원시 팔달구,다가구,1**,217,41115,개인,120.79,남창동,41115,202411,
1988,개인,,,"64,000",15,11,2024,중개거래,경기 수원시 팔달구,단독,9**,170.7,41115,개인,191.86,인계동,41115,202411,
1959,개인,,,"22,000",14,11,2024,중개거래,경기 수원시 팔달구,단독,3**,155,41115,개인,49.59,지동,41115,202411,
1974,개인,,,"12,800",7,11,2024,중개거래,경기 수원시 팔달구,단독,1**,63,41115,개인,24.79,지동,41115,202411,
1974,개인,24.11.15,O,"6,400",7,11,2024,중개거래,경기 수원시 팔달구,단독,1**,63,41115,개인,24.79,지동,41115,202411,
1974,개인,24.11.15,O,"6,400",7,11,2024,중개거래,경기 수원시 팔달구,단독,1**,26,41115,개인,24.79,지동,41115,202411,
1975,기타,25.01.23,O,"17,000",5,11,2024,중개거래,경기 수원시 팔달구,단독,*,116,41115,개인,95.7,교동,41115,202411,
1959,개인,,,"11,300",30,12,2024,중개거래,경기 수원시 팔달구,단독,1**,26,41115,개인,30.21,매산로3가,41115,202412,
1994,개인,,,"33,500",10,12,2024,중개거래,경기 수원시 팔달구,다가구,1**,92,41115,개인,132.91,지동,41115,202412,
2001,개인,,,"178,500",11,12,2024,중개거래,경기 수원시 팔달구,다가구,6**,300,41115,개인,490.74,화서동,41115,202412,
1985,개인,,,"40,000",2,12,2024,직거래,,다가구,4**,186.5,41115,개인,192.49,지동,41115,202412,
2001,개인,,,"55,500",2,12,2024,직거래,,단독,1**,157,41115,개인,92.4,지동,41115,202412,
2017,개인,,,"77,000",17,1,2025,중개거래,경기 수원시 장안구,다가구,1**,124,41115,개인,233.88,매향동,41115,202501,
1990,개인,,,"35,000",16,1,2025,직거래,,단독,4*,114.9,41115,개인,195.45,고등동,41115,202501,
1989,개인,,,"57,000",5,1,2025,직거래,,다가구,2**,144,41115,개인,192.15,화서동,41115,202501,
1985,개인,25.02.07,O,"50,000",4,1,2025,중개거래,경기 수원시 팔달구,단독,1**,123,41115,개인,107.85,화서동,41115,202501,
1974,개인,,,"4,000",13,2,2025,중개거래,경기 수원시 팔달구,단독,2**,33,41115,개인,18.05,지동,41115,202502,
1974,개인,,,"8,000",13,2,2025,중개거래,경기 수원시 팔달구,단독,2**,66,41115,개인,32.4,지동,41115,202502,
1971,개인,25.05.30,O,"28,000",26,2,2025,중개거래,경기 수원시 장안구,단독,2**,126,41115,개인,49.59,지동,41115,202502,
1956,개인,,,"23,000",8,2,2025,직거래,,단독,9*,142,41115,법인,29.42,고등동,41115,202502,
1974,개인,25.04.18,O,"4,000",13,2,2025,중개거래,경기 수원시 팔달구,단독,2**,33,41115,개인,18.05,지동,41115,202502,
1974,개인,25.04.18,O,"8,000",13,2,2025,중개거래,경기 수원시 팔달구,단독,2**,66,41115,개인,32.4,지동,41115,202502,
1976,개인,,,"30,500",22,2,2025,중개거래,경기 수원시 팔달구,단독,1*,140.8,41115,개인,70.84,고등동,41115,202502,
1991,개인,,,"40,000",1,2,2025,중개거래,경기 수원시 팔달구,다가구,4**,153.8,41115,개인,199.92,우만동,41115,202502,
1988,개인,,,"45,000",7,2,2025,중개거래,경기 수원시 팔달구,다가구,5**,133.3,41115,개인,218.04,우만동,41115,202502,
1987,개인,,,"45,000",15,2,2025,중개거래,경기 수원시 팔달구,단독,5**,102.7,41115,개인,142.4,우만동,41115,202502,
1972,개인,,,"50,000",8,2,2025,중개거래,경기 수원시 팔달구,단독,2**,132,41115,개인,108.2,지동,41115,202502,
1985,개인,,,"50,000",7,2,2025,중개거래,경기 수원시 팔달구,단독,1**,123,41115,개인,107.85,화서동,41115,202502,
2002,개인,,,"120,000",5,2,2025,중개거래,경기 수원시 팔달구,다가구,8*,298.5,41115,개인,502.86,고등동,41115,202502,
2002,개인,,,"100,000",20,3,2025,중개거래,경기 수원시 팔달구,다가구,1**,243,41115,개인,399.39,우만동,41115,202503,
1983,개인,,,"29,500",26,3,2025,중개거래,경기 수원시 장안구,단독,3*,102,41115,개인,44.9,북수동,41115,202503,
1997,개인,,,"37,200",27,3,2025,중개거래,경기 수원시 팔달구,다가구,2**,141,41115,개인,152.98,지동,41115,202503,
1987,개인,,,"22,000",11,3,2025,중개거래,경기 수원시 팔달구,다가구,8*,112,41115,개인,106.99,매산로3가,41115,202503,
1984,개인,,,"70,000",24,3,2025,중개거래,경기 수원시 팔달구,단독,2**,156,41115,개인,176.92,고등동,41115,202503,
1970,개인,,,"21,000",5,3,2025,중개거래,경기 수원시 팔달구,단독,2**,99,41115,개인,36.36,지동,41115,202503,
1966,개인,,,"40,000",14,3,2025,중개거래,경기 수원시 팔달구,단독,1**,111,41115,개인,55.44,장안동,41115,202503,
1984,개인,,,"25,000",12,3,2025,중개거래,경기 수원시 팔달구,단독,8*,177,41115,개인,124.74,화서동,41115,202503,
1988,개인,,,"50,000",24,4,2025,중개거래,경기 수원시 권선구,다가구,4**,165.4,41115,개인,254.65,우만동,41115,202504,
1971,개인,,,"12,000",19,4,2025,직거래,,단독,1**,102,41115,개인,46.28,지동,41115,202504,
1971,개인,25.05.13,O,"12,000",19,4,2025,직거래,,단독,1**,102,41115,개인,46.28,지동,41115,202504,
1969,개인,,,"16,600",23,4,2025,중개거래,경기 수원시 팔달구,단독,1**,93,41115,개인,44.3,지동,41115,202504,
1989,법인,25.08.26,O,"82,500",8,4,2025,중개거래,경기 수원시 팔달구,단독,1***,182.3,41115,개인,251.16,인계동,41115,202504,
1972,개인,,,"17,500",15,4,2025,중개거래,경기 수원시 팔달구,단독,2**,106,41115,개인,41.39,지동,41115,202504,
1969,개인,25.06.13,O,"14,000",14,4,2025,중개거래,"경기 수원시 장안구, 경기 수원시 팔달구",단독,1*,116,41115,개인,48.4,매향동,41115,202504,
1993,개인,,,"46,000",3,5,2025,중개거래,"경기 수원시 팔달구, 경기 용인시 수지구",다가구,4**,154,41115,개인,199.52,우만동,41115,202505,
1986,개인,25.07.30,O,"50,000",27,5,2025,중개거래,경기 수원시 팔달구,다가구,4**,129.7,41115,개인,117.66,우만동,41115,202505,
1985,개인,,,"56,500",28,5,2025,중개거래,경기 수원시 팔달구,다가구,4**,168.5,41115,개인,174.42,우만동,41115,202505,
1978,개인,,,"79,000",9,5,2025,중개거래,경기 수원시 팔달구,단독,4*,266,41115,개인,191.41,고등동,41115,202505,
1975,개인,,,"47,000",21,5,2025,중개거래,경기 수원시 장안구,단독,2**,116,41115,개인,44,지동,41115,202505,
1969,개인,,,"25,000",26,5,2025,직거래,,단독,9*,241,41115,개인,82.02,북수동,41115,202505,
1974,개인,,,"47,000",26,5,2025,직거래,,단독,9*,241,41115,개인,153.37,북수동,41115,202505,
2002,개인,,,"19,751",2,5,2025,중개거래,경기 수원시 팔달구,다가구,1**,104,41115,개인,157.06,매향동,41115,202505,
1988,개인,,,"68,500",20,5,2025,중개거래,경기 수원시 팔달구,단독,4**,165.3,41115,개인,245.82,우만동,41115,202505,
1965,개인,25.05.31,O,"13,700",3,5,2025,중개거래,서울 서초구,단독,1**,80.5,41115,개인,32.86,매산로3가,41115,202505,
1985,개인,,,"40,000",17,5,2025,중개거래,경기 수원시 팔달구,단독,5**,121.9,41115,개인,125.46,우만동,41115,202505,
1974,개인,,,"22,200",10,5,2025,중개거래,경기 수원시 팔달구,단독,2**,136,41115,개인,58.68,지동,41115,202505,
1993,개인,25.08.26,O,"46,000",3,5,2025,중개거래,경기 수원시 팔달구,다가구,4**,154,41115,개인,199.52,우만동,41115,202505,
1989,개인,,,"46,500",27,6,2025,중개거래,경기 수원시 팔달구,다가구,2**,126,41115,개인,191.28,화서동,41115,202506,
1988,개인,,,"57,800",21,6,2025,중개거래,경기 수원시 팔달구,다가구,5**,157.9,41115,개인,236.33,우만동,41115,202506,
1971,개인,25.07.22,O,"28,000",20,6,2025,중개거래,경기 수원시 장안구,단독,2**,126,41115,개인,49.59,지동,41115,202506,
1969,법인,,,"68,600",27,6,2025,중개거래,경기 수원시 장안구,단독,1**,162,41115,개인,57.52,지동,41115,202506,
1969,법인,,,"56,000",27,6,2025,중개거래,경기 수원시 장안구,단독,1**,132,41115,개인,56.86,지동,41115,202506,
1987,개인,25.08.14,O,"63,000",23,6,2025,중개거래,경기 수원시 팔달구,다가구,1**,180.5,41115,개인,306.62,화서동,41115,202506,
1985,개인,,,"88,000",17,6,2025,중개거래,"경기 수원시 팔달구, 경기 용인시 수지구",단독,4**,167.4,41115,개인,214.46,우만동,41115,202506,
1976,개인,,,"14,000",19,6,2025,중개거래,경기 수원시 팔달구,단독,7*,43,41115,개인,13.5,매산로3가,41115,202506,
1969,개인,,,"14,000",13,6,2025,중개거래,"경기 수원시 장안구, 경기 수원시 팔달구",단독,1*,116,41115,개인,48.4,매향동,41115,202506,
1991,개인,,,"70,500",6,6,2025,중개거래,경기 수원시 팔달구,다가구,5**,158.6,41115,개인,251.82,우만동,41115,202506,
1979,개인,,,"48,000",10,6,2025,중개거래,경기 수원시 팔달구,단독,5**,132.8,41115,개인,76.1,우만동,41115,202506,
1974,개인,,,"16,000",24,7,2025,직거래,,단독,1*,56,41115,개인,26.78,남수동,41115,202507,
1989,개인,,,"135,000",25,7,2025,중개거래,경기 수원시 팔달구,단독,1**,124,41115,개인,213.53,장안동,41115,202507,
1962,개인,,,"22,000",18,7,2025,중개거래,경기 수원시 팔달구,단독,8*,66,41115,개인,35.04,매산로2가,41115,202507,
1971,개인,,,"22,500",8,7,2025,중개거래,경기 수원시 팔달구,단독,1**,109,41115,개인,47.04,매향동,41115,202507,
1971,개인,,,"28,000",31,7,2025,중개거래,경기 수원시 장안구,단독,2**,126,41115,개인,49.59,지동,41115,202507,
1992,법인,,,"71,400",24,7,2025,중개거래,경기 수원시 장안구,단독,1**,169,41115,개인,57.29,지동,41115,202507,
1988,개인,,,"76,000",5,7,2025,중개거래,경기 수원시 팔달구,다가구,4**,172,41115,개인,249.03,우만동,41115,202507,
1997,개인,,,"52,000",8,7,2025,직거래,,다가구,5**,143.6,41115,개인,341.44,우만동,41115,202507,
1991,개인,,,"52,500",7,7,2025,중개거래,경기 수원시 팔달구,단독,1**,85,41115,개인,245.06,화서동,41115,202507,
2007,개인,,,"129,250",5,7,2025,중개거래,경기 수원시 팔달구,단독,1***,265.8,41115,개인,549.26,인계동,41115,202507,
1988,개인,,,"47,500",2,7,2025,중개거래,경기 수원시 팔달구,다가구,5**,119,41115,개인,208.49,우만동,41115,202507,
1976,법인,,,"83,000",25,8,2025,중개거래,서울 강남구,단독,1**,126,41115,개인,66.12,장안동,41115,202508,
1971,개인,,,"21,000",19,8,2025,직거래,,단독,1**,112,41115,개인,52.89,지동,41115,202508,
1989,법인,25.09.25,O,"86,500",26,8,2025,중개거래,경기 수원시 팔달구,다가구,1***,182.3,41115,개인,251.16,인계동,41115,202508,
1968,개인,,,"25,000",28,8,2025,중개거래,경기 수원시 팔달구,단독,2**,136,41115,개인,58.51,지동,41115,202508,
1968,개인,,,"15,000",8,8,2025,중개거래,경기 수원시 팔달구,단독,2**,185,41115,개인,41.98,지동,41115,202508,
1998,개인,,,"72,000",16,8,2025,중개거래,경기 수원시 팔달구,다가구,5**,144.4,41115,개인,299.32,우만동,41115,202508,
1975,개인,,,"49,500",1,8,2025,중개거래,경기 수원시 팔달구,다가구,1**,188,41115,개인,113.86,팔달로3가,41115,202508,
1987,개인,,,"63,000",15,8,2025,중개거래,경기 수원시 팔달구,다가구,1**,180.5,41115,개인,306.62,화서동,41115,202508,
2003,개인,,,"60,500",11,8,2025,중개거래,경기 수원시 팔달구,다가구,1**,195,41115,개인,433.87,지동,41115,202508,
1977,개인,,,"52,000",12,8,2025,중개거래,경기 수원시 팔달구,다가구,1**,203,41115,개인,114.56,지동,41115,202508,
1976,개인,,,"47,500",12,8,2025,중개거래,경기 수원시 팔달구,단독,1*,218,41115,개인,97.49,남창동,41115,202508,
2020,개인,,,"130,000",1,8,2025,직거래,,다가구,1**,192,41115,개인,300.08,매향동,41115,202508,
2007,개인,,,"55,380",8,8,2025,직거래,,다가구,*,317,41115,개인,363.96,교동,41115,202508,
1978,개인,,,"45,000",2,8,2025,중개거래,"경기 수원시 팔달구, 경기 화성시",다가구,5*,164,41115,개인,156.5,남창동,41115,202508,
1979,법인,,,"50,400",20,9,2025,중개거래,경기 수원시 장안구,단독,1**,119,41115,개인,56.93,지동,41115,202509,
1988,법인,,,"94,000",24,9,2025,직거래,,단독,9**,197.4,41115,개인,163.92,인계동,41115,202509,
1996,개인,,,"61,000",28,9,2025,중개거래,경기 수원시 팔달구,다가구,3*,206.9,41115,개인,243.32,고등동,41115,202509,
1968,개인,,,"127,530",13,9,2025,중개거래,경기 수원시 팔달구,단독,1**,360,41115,개인,57.32,매산로3가,41115,202509,
1964,법인,,,"28,000",29,9,2025,중개거래,경기 수원시 팔달구,단독,8*,95,41115,개인,33.19,북수동,41115,202509,
1984,개인,,,"82,200",26,9,2025,중개거래,경기 화성시,단독,8*,181,41115,개인,86.41,장안동,41115,202509,
1979,법인,25.11.11,O,"50,400",22,9,2025,중개거래,경기 수원시 팔달구,단독,1**,119,41115,개인,56.93,지동,41115,202509,
1965,개인,,,"28,500",23,9,2025,중개거래,경기 수원시 팔달구,단독,1**,161,41115,법인,32.86,매산로3가,41115,202509,
2006,개인,,,"70,000",22,9,2025,중개거래,경기 수원시 팔달구,다가구,9*,137,41115,개인,152.84,고등동,41115,202509,
1995,개인,,,"28,800",23,9,2025,중개거래,경기 수원시 팔달구,단독,1**,76,41115,개인,88.2,신풍동,41115,202509,
1965,개인,,,"27,000",23,9,2025,중개거래,경기 수원시 팔달구,단독,1**,175,41115,개인,44.1,매산로3가,41115,202509,
1985,개인,,,"25,000",21,9,2025,중개거래,경기 수원시 팔달구,다가구,5**,122.4,41115,개인,134.05,우만동,41115,202509,
1985,개인,,,"42,000",6,9,2025,중개거래,경기 수원시 팔달구,다가구,4**,136.4,41115,개인,121.98,우만동,41115,202509,
1990,개인,,,"45,000",6,9,2025,중개거래,경기 수원시 팔달구,단독,8**,168,41115,개인,221.22,인계동,41115,202509,
1997,개인,,,"18,000",31,10,2025,중개거래,경기 수원시 팔달구,다가구,1*,76,41115,개인,127.83,화서동,41115,202510,
1989,개인,,,"36,000",15,10,2025,직거래,,단독,5**,125.8,41115,개인,207.18,우만동,41115,202510,
1997,개인,,,"46,500",2,10,2025,중개거래,경기 수원시 팔달구,다가구,2**,141,41115,개인,152.98,지동,41115,202510,
1971,개인,,,"21,600",23,10,2025,중개거래,경기 수원시 장안구,단독,1**,86,41115,개인,62.15,매향동,41115,202510,
1974,개인,,,"49,500",17,10,2025,중개거래,경기 수원시 팔달구,단독,1*,202.3,41115,개인,83.96,고등동,41115,202510,
1970,개인,,,"43,000",14,10,2025,중개거래,경기 수원시 팔달구,단독,1**,116,41115,개인,94.48,팔달로3가,41115,202510,
1981,개인,,,"40,000",15,10,2025,중개거래,경기 수원시 팔달구,단독,1**,140,41115,개인,142.03,화서동,41115,202510,
1996,개인,,,"40,000",4,10,2025,중개거래,경기 수원시 팔달구,다가구,1**,146,41115,개인,149.58,지동,41115,202510,
1988,개인,,,"66,000",13,11,2025,중개거래,경기 수원시 팔달구,단독,5**,173.5,41115,개인,165.38,우만동,41115,202511,
1986,개인,,,"49,000",26,11,2025,직거래,,다가구,4**,129.7,41115,개인,117.66,우만동,41115,202511,
1986,개인,,,"26,000",6,11,2025,중개거래,경기 수원시 팔달구,단독,1**,131.9,41115,개인,112.82,화서동,41115,202511,
1988,개인,,,"69,500",12,12,2025,중개거래,경기 수원시 팔달구,다가구,5**,147.3,41115,개인,234.94,우만동,41115,202512,
1956,개인,,,"49,000",16,12,2025,중개거래,경기 수원시 팔달구,단독,3**,202,41115,개인,47.24,지동,41115,202512,
1990,개인,,,"64,800",3,12,2025,중개거래,"경기 수원시 팔달구, 서울 서초구",단독,1**,142,41115,개인,437.95,북수동,41115,202512,
1998,개인,,,"9,900",13,12,2025,중개거래,경기 수원시 팔달구,단독,2**,86,41115,개인,50.9,지동,41115,202512,
1987,개인,,,"21,000",6,12,2025,중개거래,경기 수원시 장안구,단독,3*,152,41115,개인,114.8,화서동,41115,202512,
1993,개인,,,"53,500",5,12,2025,중개거래,경기 수원시 팔달구,다가구,3*,183.1,41115,개인,281.34,고등동,41115,202512,
1989,개인,,,"66,000",30,1,2026,중개거래,경기 수원시 팔달구,단독,2**,189,41115,개인,167.51,화서동,41115,202601,
1970,개인,,,"27,000",23,1,2026,중개거래,경기 수원시 팔달구,단독,2**,156,41115,개인,66.12,지동,41115,202601,
1983,개인,,,"65,000",22,1,2026,중개거래,경기 수원시 팔달구,단독,1**,150,41115,개인,167.88,화서동,41115,202601,
1988,개인,,,"33,000",20,1,2026,중개거래,경기 수원시 팔달구,단독,4**,176.8,41115,개인,216.87,우만동,41115,202601,
2002,개인,,,"85,000",17,1,2026,직거래,,다가구,5**,225.5,41115,개인,524.88,우만동,41115,202601,
1995,개인,,,"69,000",6,1,2026,중개거래,경기 수원시 팔달구,단독,5**,141.1,41115,개인,273.68,우만동,41115,202601,
1978,개인,,,"81,500",28,2,2026,중개거래,경기 수원시 팔달구,다가구,1**,204.57,41115,개인,162.18,남창동,41115,202602,
1974,개인,,,"35,500",27,2,2026,중개거래,경기 수원시 장안구,단독,1*,99,41115,개인,60.69,남수동,41115,202602,
2001,개인,,,"79,305",12,2,2026,중개거래,경기 수원시 팔달구,다가구,1**,245,41115,개인,406.71,북수동,41115,202602,
1980,법인,,,"52,800",10,2,2026,직거래,,다가구,1**,182,41115,개인,324,지동,41115,202602,
1994,개인,,,"30,000",4,2,2026,중개거래,경기 수원시 팔달구,단독,1**,119,41115,개인,42.98,장안동,41115,202602,
1960,개인,,,"35,000",12,3,2026,중개거래,경기 수원시 팔달구,단독,3**,111,41115,개인,59.8,지동,41115,202603,
1971,개인,,,"25,000",25,3,2026,중개거래,경기 수원시 팔달구,단독,1**,109,41115,개인,46.61,매향동,41115,202603,
1984,개인,,,"26,000",2,3,2026,중개거래,경기 수원시 팔달구,단독,2**,155,41115,개인,72.28,지동,41115,202603,
1990,개인,,,"70,000",1,3,2026,중개거래,경기 수원시 팔달구,단독,1**,148.8,41115,개인,241.84,화서동,41115,202603,
1994,개인,,,"58,000",25,4,2026,중개거래,경기 수원시 팔달구,다가구,7*,212,41115,개인,485.15,매교동,41115,202604,
1989,개인,,,"57,000",28,4,2026,중개거래,경기 수원시 팔달구,단독,5**,203.6,41115,개인,326.7,우만동,41115,202604,
1986,개인,26.05.27,O,"46,000",25,4,2026,중개거래,서울 관악구,단독,4**,142.6,41115,개인,201.06,우만동,41115,202604,
1987,개인,,,"35,400",30,4,2026,중개거래,경기 수원시 팔달구,다가구,3*,104,41115,개인,171.14,화서동,41115,202604,
1983,법인,,,"115,000",9,4,2026,중개거래,서울 강남구,단독,*,226.5,41115,개인,490.88,팔달로1가,41115,202604,
1984,개인,,,"35,000",25,4,2026,중개거래,경기 수원시 팔달구,단독,8*,136,41115,개인,153.26,화서동,41115,202604,
1970,개인,,,"47,000",27,4,2026,중개거래,경기 수원시 팔달구,단독,2**,132,41115,개인,61.95,지동,41115,202604,
1983,법인,,,"49,000",27,4,2026,중개거래,"경기 수원시 권선구, 경기 수원시 장안구, 경기 수원시 팔달구",단독,4*,136,41115,개인,78.08,신풍동,41115,202604,
1977,개인,,,"37,800",20,4,2026,중개거래,경기 수원시 팔달구,단독,2**,142,41115,개인,70.85,지동,41115,202604,
1970,개인,,,"16,000",21,4,2026,직거래,,단독,2**,102,41115,개인,42.98,지동,41115,202604,
1956,법인,,,"36,000",9,4,2026,중개거래,경기 화성시 동탄구,단독,3**,109,41115,개인,47.83,북수동,41115,202604,
1995,개인,26.04.07,O,"29,000",3,4,2026,직거래,,다가구,6*,109,41115,개인,162.24,화서동,41115,202604,
1991,법인,,,"79,000",6,5,2026,중개거래,서울 강남구,다가구,8*,158,41115,개인,224.1,매산로2가,41115,202605,
1992,개인,,,"109,000",25,5,2026,중개거래,경기 수원시 권선구,다가구,2**,139,41115,개인,167.49,고등동,41115,202605,
1971,개인,,,"21,000",17,5,2026,직거래,,단독,*,106,41115,개인,34.78,매향동,41115,202605,
1991,개인,26.06.25,O,"79,000",6,5,2026,중개거래,서울 강남구,다가구,8*,158,41115,개인,224.1,매산로2가,41115,202605,
1984,개인,,,"51,000",22,5,2026,중개거래,경기 수원시 팔달구,단독,3**,161,41115,개인,157.34,화서동,41115,202605,
1980,개인,,,"96,000",7,5,2026,중개거래,경기 수원시 팔달구,단독,8*,536,41115,개인,155.37,남수동,41115,202605,
2020,개인,,,"175,000",10,5,2026,중개거래,경기 수원시 권선구,다가구,1**,204,41115,개인,399.25,매교동,41115,202605,
2016,개인,,,"92,000",9,5,2026,중개거래,경기 수원시 팔달구,다가구,1*,164,41115,개인,307.91,매향동,41115,202605,
2012,개인,,,"60,000",8,5,2026,직거래,,다가구,2**,199,41115,개인,321.13,지동,41115,202605,
1985,개인,,,"38,000",2,5,2026,중개거래,경기 수원시 팔달구,단독,7*,156.8,41115,개인,162.72,화서동,41115,202605,
1997,개인,,,"83,500",30,6,2026,중개거래,경기 수원시 팔달구,단독,2**,155,41115,개인,272.55,지동,41115,202606,
1990,개인,,,"41,000",30,6,2026,직거래,,다가구,3*,179,41115,개인,261.81,화서동,41115,202606,
2003,개인,,,"106,000",1,6,2026,중개거래,경기 수원시 팔달구,다가구,2**,205,41115,개인,516.65,북수동,41115,202606,
1993,개인,,,"30,600",16,6,2026,직거래,,다가구,4**,141.9,41115,개인,199.53,우만동,41115,202606,
2018,법인,,,"75,000",10,7,2026,중개거래,서울 강남구,단독,1*,89,41115,법인,139.09,구천동,41115,202607,
1986,개인,,,"39,000",6,7,2026,중개거래,경기 수원시 팔달구,단독,2**,178,41115,개인,107.37,지동,41115,202607,
2003,개인,,,"75,000",13,7,2026,중개거래,경기 수원시 팔달구,단독,5*,187.4,41115,개인,327.24,고등동,41115,202607,
1989,개인,,,"79,500",14,7,2026,중개거래,경기 수원시 팔달구,단독,5**,219,41115,개인,181.91,우만동,41115,202607,
2014,개인,,,"195,000",26,7,2024,중개거래,경기 수원시 영통구,단독,1***,286.3,41117,법인,494.17,이의동,41117,202407,
2003,개인,,,"123,000",20,7,2024,중개거래,경기 수원시 영통구,단독,1***,254.1,41117,개인,549.76,매탄동,41117,202407,
2004,개인,,,"100,000",20,7,2024,중개거래,경기 수원시 영통구,다가구,1***,193.3,41117,개인,411.2,매탄동,41117,202407,
2012,개인,,,"109,000",13,8,2024,중개거래,경기 수원시 영통구,다가구,2*,154,41117,개인,341.51,원천동,41117,202408,
2012,개인,24.09.23,O,"110,000",13,8,2024,중개거래,경기 수원시 영통구,다가구,2*,165,41117,개인,341.51,원천동,41117,202408,
2016,개인,,,"237,500",18,8,2024,중개거래,경기 수원시 영통구,다가구,1***,270.1,41117,개인,485.41,이의동,41117,202408,
1997,법인,,,"141,000",1,8,2024,중개거래,경기 수원시 영통구,다가구,4**,310,41117,개인,496.23,매탄동,41117,202408,
2002,개인,,,"89,500",26,9,2024,중개거래,경기 수원시 영통구,다가구,2**,232.1,41117,개인,493.14,매탄동,41117,202409,
1990,개인,,,"64,000",27,9,2024,중개거래,경기 수원시 영통구,단독,2**,176.5,41117,개인,230.97,매탄동,41117,202409,
2018,개인,,,"147,000",29,10,2024,중개거래,경기 수원시 권선구,다가구,2**,209.6,41117,개인,438.93,매탄동,41117,202410,
1990,개인,,,"58,700",17,10,2024,중개거래,경기 수원시 영통구,단독,2**,185.2,41117,개인,263.1,매탄동,41117,202410,
2017,개인,,,"107,311",18,10,2024,직거래,,다가구,4**,211,41117,개인,413.95,매탄동,41117,202410,
2017,개인,,,"146,000",22,10,2024,중개거래,경기 수원시 영통구,다가구,1**,193,41117,개인,364.57,매탄동,41117,202410,
1993,개인,,,"57,000",16,10,2024,직거래,,다가구,1***,173.4,41117,개인,329.44,매탄동,41117,202410,
1975,개인,,,"73,000",4,12,2024,직거래,,단독,2**,165,41117,개인,74.71,원천동,41117,202412,
2001,개인,,,"132,000",14,12,2024,중개거래,경기 수원시 영통구,다가구,1***,199.4,41117,개인,417.12,영통동,41117,202412,
1989,개인,,,"40,400",10,12,2024,직거래,,다가구,1**,180.5,41117,개인,257.12,매탄동,41117,202412,
1992,개인,,,"41,500",9,12,2024,중개거래,경기 수원시 영통구,다가구,2**,132,41117,개인,223.02,매탄동,41117,202412,
1991,개인,,,"53,000",11,1,2025,중개거래,경기 수원시 영통구,단독,1**,194.9,41117,개인,287.28,매탄동,41117,202501,
2015,개인,,,"240,000",26,2,2025,중개거래,"경기 성남시 분당구, 경기 수원시 영통구",다가구,1***,300.2,41117,개인,631.98,이의동,41117,202502,
2015,개인,25.03.19,O,"240,000",26,2,2025,중개거래,"경기 성남시 분당구, 경기 수원시 영통구",다가구,1***,300.2,41117,개인,631.98,이의동,41117,202502,
2002,개인,,,"105,000",3,2,2025,중개거래,경기 수원시 영통구,다가구,1***,229,41117,개인,503.2,매탄동,41117,202502,
2001,개인,,,"114,000",29,3,2025,중개거래,경기 수원시 영통구,단독,1***,235,41117,개인,387.76,영통동,41117,202503,
2001,개인,26.03.23,O,"114,000",29,3,2025,중개거래,경기 수원시 영통구,다가구,1***,235,41117,개인,387.76,영통동,41117,202503,
2017,개인,25.04.16,O,"169,000",18,3,2025,중개거래,경기 수원시 권선구,단독,1***,252,41117,개인,343.11,이의동,41117,202503,
2021,개인,,,"225,227",4,3,2025,직거래,,다가구,3**,445,41117,법인,1221.72,원천동,41117,202503,
2017,개인,,,"166,096",30,4,2025,중개거래,경기 수원시 권선구,단독,1***,252,41117,개인,343.11,이의동,41117,202504,
2017,개인,25.07.30,O,"169,000",30,4,2025,중개거래,경기 수원시 권선구,단독,1***,290.7,41117,개인,343.11,이의동,41117,202504,
2017,개인,25.07.28,O,"169,000",30,4,2025,중개거래,경기 수원시 권선구,단독,1***,252,41117,개인,343.11,이의동,41117,202504,
1987,개인,,,"62,500",10,4,2025,중개거래,경기 수원시 영통구,다가구,1**,190,41117,개인,253.35,매탄동,41117,202504,
2019,개인,,,"127,500",10,4,2025,직거래,,다가구,8**,199,41117,개인,407.29,매탄동,41117,202504,
1991,개인,,,"63,500",31,5,2025,중개거래,경기 수원시 영통구,단독,2**,186.7,41117,개인,297.81,매탄동,41117,202505,
1977,개인,,,"57,000",7,5,2025,중개거래,경기 수원시 영통구,다가구,1**,155,41117,개인,177.86,매탄동,41117,202505,
,개인,,,"115,000",12,5,2025,중개거래,경기 수원시 영통구,다가구,1***,184.3,41117,개인,474.38,매탄동,41117,202505,
2001,개인,,,"132,500",8,5,2025,중개거래,경기 수원시 영통구,다가구,1***,196.1,41117,개인,406.39,영통동,41117,202505,
2003,개인,,,"183,000",27,6,2025,중개거래,경기 수원시 영통구,다가구,1**,358,41117,개인,652.98,원천동,41117,202506,
1989,개인,,,"50,000",12,6,2025,직거래,,다가구,1**,194.5,41117,개인,222.68,매탄동,41117,202506,
2003,개인,,,"119,000",17,6,2025,중개거래,경기 수원시 권선구,다가구,3**,254,41117,개인,499.32,망포동,41117,202506,
1991,개인,,,"44,725",17,6,2025,중개거래,경기 수원시 영통구,다가구,1**,175,41117,개인,299.79,매탄동,41117,202506,
1991,개인,,,"59,000",3,6,2025,중개거래,경기 수원시 영통구,단독,1**,195,41117,개인,292.68,매탄동,41117,202506,
2000,개인,,,"118,500",7,7,2025,중개거래,경기 수원시 영통구,다가구,1***,222.7,41117,개인,465.26,영통동,41117,202507,
1994,개인,,,"70,000",5,7,2025,중개거래,"경기 수원시 영통구, 경기 수원시 팔달구",단독,1***,199.9,41117,개인,473.68,매탄동,41117,202507,
1991,공공기관,,,"55,000",28,8,2025,중개거래,경기 수원시 영통구,단독,1***,169.9,41117,개인,271.14,매탄동,41117,202508,
1991,개인,,,"75,000",30,9,2025,중개거래,경기 수원시 영통구,단독,1***,187.7,41117,개인,289.32,매탄동,41117,202509,
1992,개인,,,"52,000",26,9,2025,중개거래,경기 수원시 영통구,단독,8**,181.3,41117,개인,194.4,매탄동,41117,202509,
1988,개인,25.12.15,O,"45,000",29,9,2025,직거래,,다가구,1**,163.6,41117,개인,261.74,매탄동,41117,202509,
2008,개인,,,"138,000",6,9,2025,중개거래,경기 수원시 팔달구,다가구,2*,212,41117,개인,398.27,원천동,41117,202509,
1988,개인,,,"62,500",16,9,2025,중개거래,경기 수원시 영통구,다가구,1**,225.2,41117,개인,325.54,매탄동,41117,202509,
2020,개인,,,"120,000",1,9,2025,중개거래,"경기 수원시 권선구, 경기 수원시 영통구",다가구,8**,171.3,41117,개인,317.8,매탄동,41117,202509,
1992,개인,,,"84,000",12,9,2025,중개거래,경기 수원시 영통구,단독,2**,221.4,41117,개인,492.48,매탄동,41117,202509,
2012,개인,,,"168,000",15,10,2025,중개거래,경기 수원시 영통구,다가구,5**,269,41117,개인,479.6,원천동,41117,202510,
1990,개인,,,"74,565",15,10,2025,직거래,,다가구,1**,254.9,41117,개인,467.04,매탄동,41117,202510,
1988,개인,,,"71,000",14,10,2025,중개거래,경기 수원시 영통구,다가구,1**,164,41117,개인,249.01,매탄동,41117,202510,
1994,개인,,,"79,000",14,10,2025,중개거래,경기 수원시 영통구,다가구,7*,197,41117,개인,448.98,원천동,41117,202510,
2001,개인,,,"104,000",17,11,2025,중개거래,경기 수원시 영통구,단독,1***,206.3,41117,개인,370.44,영통동,41117,202511,
2016,개인,,,"249,000",12,11,2025,중개거래,"경기 수원시 영통구, 경기 수원시 팔달구",다가구,9**,320,41117,개인,494.5,신동,41117,202511,
2012,개인,,,"122,500",2,12,2025,중개거래,경기 수원시 영통구,단독,5**,121.25,41117,개인,547.6,원천동,41117,202512,
2017,개인,,,"240,000",4,12,2025,직거래,,다가구,4**,353,41117,개인,921.53,매탄동,41117,202512,
2013,개인,,,"150,000",6,12,2025,중개거래,경기 수원시 영통구,단독,1***,221.2,41117,개인,484.57,이의동,41117,202512,
2015,개인,,,"181,000",9,12,2025,중개거래,경기 수원시 팔달구,단독,9**,250,41117,개인,449.49,신동,41117,202512,
2001,개인,,,"140,000",8,12,2025,중개거래,경기 수원시 영통구,다가구,1***,189.1,41117,개인,404.44,영통동,41117,202512,
1990,개인,,,"53,000",28,1,2026,중개거래,"경기 수원시 권선구, 경기 수원시 영통구",다가구,1**,199.9,41117,개인,261.25,매탄동,41117,202601,
2014,개인,,,"105,800",23,1,2026,중개거래,경기 수원시 영통구,다가구,1***,180.1,41117,개인,307.61,매탄동,41117,202601,
1993,개인,,,"100,000",22,1,2026,중개거래,경기 수원시 영통구,단독,1***,189.2,41117,개인,434.3,매탄동,41117,202601,
2017,개인,,,"132,200",23,1,2026,중개거래,경기 수원시 영통구,다가구,1**,199.7,41117,개인,399.99,매탄동,41117,202601,
2024,개인,,,"200,000",23,1,2026,중개거래,경기 수원시 영통구,다가구,1***,191,41117,법인,392.73,매탄동,41117,202601,
2013,개인,,,"162,500",4,2,2026,중개거래,경기 수원시 영통구,단독,5**,252.8,41117,개인,453.98,원천동,41117,202602,
2002,개인,,,"81,000",20,4,2026,직거래,,다가구,3*,202,41117,개인,377.83,원천동,41117,202604,
2001,개인,,,"132,000",18,4,2026,중개거래,경기 수원시 영통구,다가구,1***,198.2,41117,개인,405.72,영통동,41117,202604,
2019,개인,,,"160,000",22,5,2026,직거래,,다가구,1**,216.9,41117,개인,443.64,매탄동,41117,202605,
1996,개인,,,"97,000",15,5,2026,중개거래,경기 수원시 영통구,단독,1**,235,41117,개인,412.62,매탄동,41117,202605,
2014,개인,,,"193,000",20,5,2026,중개거래,경기 수원시 영통구,다가구,1***,288.2,41117,개인,494.64,이의동,41117,202605,
1991,개인,,,"62,000",27,5,2026,중개거래,경기 수원시 영통구,단독,1***,179.5,41117,개인,287.7,매탄동,41117,202605,
2015,개인,,,"230,000",6,5,2026,중개거래,경기 수원시 권선구,다가구,9**,369.6,41117,개인,702.66,신동,41117,202605,
1990,개인,,,"130,000",4,5,2026,중개거래,경기 수원시 영통구,단독,1**,271,41117,개인,494.46,매탄동,41117,202605,
2008,개인,,,"122,000",1,5,2026,중개거래,경기 수원시 영통구,다가구,2*,209,41117,개인,359.8,원천동,41117,202605,
2022,개인,,,"116,000",15,6,2026,직거래,,다가구,1**,201.6,41117,개인,375,매탄동,41117,202606,
2003,개인,,,"98,000",8,6,2026,중개거래,경기 수원시 영통구,다가구,1**,172,41117,개인,305.92,매탄동,41117,202606,
